Scientific Name,Response to P cinnamomi,BC Act listing,Current habitat score (A),Future habitat score,Records (adj.),Distance (adj.),Abundance score (B),Proximity score (C),Current priority score,Future priority score
Isopogon fletcheri,Severe,V,0.97,0.89,10,10,1.00,1.00,97,89
Hibbertia circinata,Severe,CE,0.91,0.90,10,10,1.00,1.00,91,90
Prostanthera marifolia,Severe,CE,0.89,0.86,10,10,1.00,1.00,89,86
Wollemia nobilis,Severe,CE,0.83,0.83,10,10,1.00,1.00,83,83
Dracophyllum macranthum,Severe,,0.72,0.68,10,10,1.00,1.00,72,68
Grevillea irrasa subsp. irrasa,Severe,,0.71,0.64,11,10,0.96,1.00,69,62
Prostanthera walteri,Severe,,0.66,0.71,10,10,1.00,1.00,66,71
Pultenaea baeuerlenii,Severe,V,0.70,0.80,10,12,1.00,0.93,65,74
Nematolepis rhytidophylla,Severe,V,0.74,0.69,10,19,1.00,0.79,58,54
Pultenaea praecipua subsp. praecipua,Severe,CE,0.60,0.63,10,11,1.00,0.97,58,61
Darwinia peduncularis,Severe,V,0.83,0.71,33,10,0.66,1.00,54,46
Pultenaea parrisiae,Severe,V,0.52,0.67,10,10,1.00,1.00,52,67
Pultenaea benthamii,Severe,,0.66,0.73,21,18,0.76,0.80,40,44
Persoonia mollis subsp. budawangensis,Severe,,0.65,0.75,44,12,0.61,0.91,36,41
Tasmannia purpurascens,Severe,V,0.82,0.87,113,18,0.49,0.80,32,34
Phebalium speciosum,Severe,CE,0.44,0.02,10,30,1.00,0.68,30,2
Pultenaea pycnocephala,Severe,,0.68,0.53,59,43,0.56,0.61,24,18
Tetratheca subaphylla,Severe,,0.51,0.60,18,106,0.80,0.49,20,24
Phebalium squamulosum subsp. alpinum,Severe,,0.05,0.19,17,139,0.81,0.47,2,7
Haloragodendron lucasii,Moderate,E,0.92,0.93,10,10,1.00,1.00,92,93
Boronia imlayensis,Moderate,CE,0.91,0.90,10,10,1.00,1.00,91,90
Hibbertia spanantha,Moderate,CE,0.88,0.66,10,10,1.00,1.00,88,65
Hibbertia puberula subsp. glabrescens,Moderate,CE,0.76,0.61,10,10,1.00,1.00,76,61
Correa lawrenceana var. genoensis,Moderate,E,0.65,0.66,10,12,1.00,0.94,61,62
Plinthanthesis rodwayi,Moderate,CE,0.57,0.74,11,10,0.96,1.00,55,71
Pomaderris delicata,Moderate,CE,0.45,0.47,10,10,1.00,1.00,45,47
Pultenaea aristata,Moderate,V,0.96,0.89,133,16,0.47,0.84,38,35
Epacris purpurascens var. purpurascens,Moderate,V,0.85,0.72,181,10,0.44,0.98,37,31
Correa baeuerlenii,Moderate,V,0.71,0.69,86,20,0.52,0.77,28,27
Phebalium bifidum,Moderate,E,0.37,0.08,10,23,1.00,0.73,27,6
Grevillea obtusiflora subsp. obtusiflora,Moderate,E,0.48,0.22,27,31,0.70,0.67,22,10
Dillwynia tenuifolia,Moderate,V,0.54,0.14,495,11,0.37,0.97,19,5
Nematolepis ovatifolia,Moderate,V,0.06,0.17,13,127,0.90,0.48,3,8
Callistemon purpurascens,Low,CE,0.91,0.89,10,10,1.00,1.00,91,89
Eucalyptus imlayensis,Low,CE,0.91,0.90,10,10,1.00,1.00,85,90
Acacia terminalis subsp. Eastern Sydney (G.P.Phillips 126) NSW Herbarium,Low,E,0.85,0.78,10,10,1.00,0.99,84,77
Asterolasia buxifolia,Low,E,0.76,,10,11,1.00,0.96,73,
Grevillea acanthifolia subsp. paludosa,Low,E,0.66,,10,10,1.00,1.00,66,
Grevillea shiressii,Low,V,0.86,,22,10,0.74,1.00,64,
Westringia davidii,Low,V,0.67,,14,10,0.87,1.00,58,
Prostanthera askania,Low,E,0.82,,27,10,0.70,1.00,57,
Callitris oblonga subsp. corangensis,Low,V,0.55,,10,10,1.00,1.00,55,
Persoonia hindii,Low,E,0.96,,35,15,0.65,0.85,53,
Boronia deanei,Low,V,0.93,,38,14,0.63,0.88,52,
Persoonia acerosa,Low,V,0.97,,74,10,0.53,0.99,51,
Prostanthera palustris,Low,V,0.76,,14,20,0.87,0.77,51,
Grevillea mollis,Low,E,0.71,,10,26,1.00,0.71,50,
Banksia vincentia,Low,CE,0.66,,10,21,1.00,0.75,50,
Hakea archaeoides,Low,V,0.69,,21,12,0.76,0.93,49,
Banksia conferta,Low,CE,0.55,,10,15,1.00,0.86,47,
Zieria baeuerlenii,Low,E,0.71,,15,20,0.85,0.77,47,
Zieria murphyi,Low,V,0.80,,25,19,0.72,0.79,45,
Leionema ralstonii,Low,V,0.68,,43,10,0.61,1.00,41,
Grevillea renwickiana,Low,E,0.56,,24,15,0.72,0.84,34,
Grevillea guthrieana,Low,E,0.64,,32,33,0.66,0.66,28,
Prostanthera stricta,Low,V,0.51,,25,38,0.72,0.64,23,
Prostanthera staurophylla,Low,E,0.35,,10,42,1.00,0.62,22,
Rhodomyrtus psidioides,Low,CE,0.68,,504,30,0.37,0.68,17,
Eucalyptus parvula,Low,V,0.39,,81,26,0.52,0.70,15,
Rhodamnia rubescens,Low,CE,0.71,,2769,33,0.29,0.66,14,
Epacris petrophila,Low,,0.12,,76,122,0.53,0.48,3,
Pimelea bracteata,Low,CE,0.04,,51,101,0.59,0.50,1,
Eucalyptus copulans,Unknown,E,1.00,,10,10,1.00,1.00,100,
Lepidosperma evansianum,Unknown,V,0.99,,10,10,1.00,1.00,99,
Epacris lithophila,Unknown,,0.98,,10,10,1.00,1.00,98,
Hibbertia pustulata,Unknown,,0.98,,10,10,1.00,1.00,98,
Zieria covenyi,Unknown,E,0.98,,10,10,1.00,1.00,98,
Genoplesium citriodorum  ,Unknown,,0.97,,10,10,1.00,1.00,97,
Hibbertia oxycraspedota,Unknown,,0.97,,10,10,1.00,1.00,97,
Boronia barkeriana subsp. gymnopetala,Unknown,,0.97,,10,10,1.00,1.00,97,
Euphrasia bowdeniae,Unknown,V,0.97,,10,10,1.00,1.00,97,
Epacris pinoidea,Unknown,,0.97,,10,10,1.00,1.00,97,
Hibbertia ericifolia subsp. acutifolia,Unknown,,0.96,,10,10,1.00,1.00,96,
Thelymitra kangaloonica,Unknown,CE,0.95,,10,10,1.00,1.00,95,
Pterostylis sp. Botany Bay (A.Bishop J221/1-13) NSW Herbarium,Unknown,E,0.95,,10,10,1.00,1.00,95,
Pomaderris adnata,Unknown,E,0.95,,10,10,1.00,1.00,95,
Hibbertia woronorana,Unknown,,0.94,,10,10,1.00,1.00,94,
Prostanthera junonis,Unknown,E,0.93,,10,10,1.00,1.00,93,
Wahlenbergia telfordii  ,Unknown,,0.92,,10,10,1.00,1.00,92,
Hibbertia intermedia,Unknown,,0.92,,10,10,1.00,1.00,92,
Leptospermum petraeum,Unknown,,0.91,,10,10,1.00,1.00,91,
Pittosporum kororoense,Unknown,CE,0.91,,10,10,1.00,1.00,91,
Thismia megalongensis  ,Unknown,,0.91,,10,10,1.00,1.00,91,
Leionema lachnaeoides,Unknown,E,0.90,,10,10,1.00,1.00,90,
Eucryphia jinksii  ,Unknown,,0.90,,10,10,1.00,1.00,90,
"Fontainea sp. Coffs Harbour (A.S.Benwell 341, NSW1102027) NSW Herbarium",Unknown,CE,0.91,,10,10,1.00,0.99,90,
Pomaderris walshii,Unknown,CE,0.97,,10,12,1.00,0.91,89,
Deyeuxia mesathera  ,Unknown,,0.89,,10,10,1.00,1.00,89,
Olearia rugosa subsp. distalilobata,Unknown,,0.88,,10,10,1.00,1.00,88,
Genoplesium morinum  ,Unknown,,0.88,,10,10,1.00,1.00,88,
Haloragodendron gibsonii,Unknown,,0.90,,10,11,1.00,0.97,88,
Epacris hamiltonii,Unknown,E,1.00,,14,10,0.87,1.00,87,
Philotheca papillata,Unknown,V,0.87,,10,10,1.00,1.00,87,
Epacris apiculata,Unknown,,0.99,,14,10,0.87,1.00,86,
Grevillea rivularis,Unknown,CE,0.97,,10,14,1.00,0.87,85,
Deyeuxia appressa,Unknown,E,0.85,,10,10,1.00,1.00,85,
Epacris pilosa,Unknown,,0.91,,12,10,0.93,1.00,84,
Cassinia accipitrum  ,Unknown,,0.84,,10,10,1.00,1.00,84,
Hibbertia cistiflora subsp. quadristaminea,Unknown,,0.97,,10,14,1.00,0.87,84,
Microtis angusii,Unknown,E,0.89,,10,12,1.00,0.94,84,
Callistemon megalongensis,Unknown,CE,0.83,,10,10,1.00,1.00,83,
Eucalyptus dissita,Unknown,V,0.82,,10,10,1.00,1.00,82,
Angophora exul,Unknown,E,0.81,,10,10,1.00,1.00,81,
Pterostylis hians  ,Unknown,,0.80,,10,10,1.00,1.00,80,
Hibbertia decumbens,Unknown,,0.94,,15,10,0.85,1.00,80,
Hibbertia notabilis,Unknown,,0.88,,10,13,1.00,0.91,80,
Grevillea diffusa subsp. constablei,Unknown,,0.96,,16,10,0.83,1.00,79,
Hibbertia hirta,Unknown,,0.83,,10,11,1.00,0.96,79,
Xanthosia scopulicola,Unknown,V,0.97,,17,10,0.81,1.00,79,
Brachyscome ascendens,Unknown,E,0.78,,10,10,1.00,1.00,78,
Typhonium sp. aff. brownii,Unknown,E,0.91,,10,15,1.00,0.85,78,
Grevillea caleyi,Unknown,CE,0.90,,14,10,0.87,0.98,77,
Banksia paludosa subsp. astrolux,Unknown,,0.88,,10,14,1.00,0.88,77,
Hibbertia rhynchocalyx,Unknown,,0.76,,10,10,1.00,1.00,76,
Genoplesium eriochilum  ,Unknown,,0.98,,19,10,0.78,1.00,76,
Grevillea rhizomatosa,Unknown,V,0.82,,12,10,0.93,1.00,76,
Genoplesium bishopii  ,Unknown,,0.76,,10,10,1.00,1.00,76,
Plantago palustris  ,Unknown,,0.90,,12,13,0.93,0.90,76,
Asterolasia rivularis,Unknown,,0.84,,10,13,1.00,0.90,76,
Baloghia marmorata,Unknown,V,0.75,,10,10,1.00,1.00,75,
Pterostylis lineata  ,Unknown,,0.96,,13,14,0.90,0.87,75,
Euphrasia ramulosa  ,Unknown,,0.87,,11,13,0.96,0.89,74,
Leionema sp. Colo River (P.H.Weston 2423),Unknown,,0.74,,10,10,1.00,1.00,74,
Epacris sparsa,Unknown,V,0.74,,10,10,1.00,1.00,74,
Pherosphaera fitzgeraldii,Unknown,E,0.94,,19,10,0.78,1.00,74,
Lysimachia vulgaris var. davurica,Unknown,E,0.87,,10,15,1.00,0.85,74,
Eucalyptus sp. Howes Swamp Creek (M.Doherty 26) NSW Herbarium,Unknown,E,0.73,,10,10,1.00,1.00,73,
Prasophyllum fuscum,Unknown,CE,0.79,,10,12,1.00,0.93,73,
Podolepis monticola  ,Unknown,,0.73,,10,10,1.00,1.00,73,
Pultenaea sp. Olinda (R.Coveny 6616) NSW Herbarium,Unknown,E,0.73,,10,10,1.00,1.00,73,
Hibbertia coloensis,Unknown,,0.72,,10,10,1.00,1.00,72,
Persoonia mollis subsp. maxima,Unknown,E,0.87,,16,10,0.83,1.00,72,
Leptospermum spectabile  ,Unknown,,0.75,,10,11,1.00,0.96,72,
Boronia barkeriana subsp. barkeriana,Unknown,,0.93,,20,10,0.77,1.00,72,
Zieria formosa,Unknown,CE,0.72,,10,10,1.00,1.00,72,
Hibbertia superans,Unknown,E,0.77,,12,10,0.93,1.00,71,
Prasophyllum pallens,Unknown,V,0.96,,20,11,0.77,0.96,71,
Thismia clavarioides  ,Unknown,,0.71,,10,10,1.00,1.00,71,
Leucopogon sp. Gibraltar Range (J.B.Williams s.n. NSW943585),Unknown,,0.71,,10,10,1.00,1.00,71,
Hibbertia praemorsa,Unknown,,0.71,,10,10,1.00,1.00,71,
Cyperus rupicola,Unknown,V,0.80,,10,14,1.00,0.88,71,
Astrotricha sp. Wallagaraugh (R.O.Makinson 1228) NSW Herbarium,Unknown,E,0.79,,10,13,1.00,0.90,71,
Eucalyptus sp. Cattai (Gregson s.n. 28 Aug 1954) NSW Herbarium,Unknown,CE,0.70,,10,10,1.00,1.00,70,
Epacris browniae,Unknown,,0.98,,25,10,0.72,1.00,70,
Leptospermum deanei,Unknown,V,0.90,,19,10,0.78,1.00,70,
Prasophyllum affine,Unknown,E,0.75,,10,12,1.00,0.94,70,
Eucalyptus scopulorum,Unknown,,0.69,,10,10,1.00,1.00,69,
Coronidium telfordii,Unknown,,0.69,,10,10,1.00,1.00,69,
Melaleuca tortifolia  ,Unknown,,0.85,,10,17,1.00,0.81,69,
Genoplesium rhyoliticum,Unknown,E,0.72,,10,11,1.00,0.96,69,
Allocasuarina portuensis,Unknown,E,0.84,,10,16,1.00,0.82,69,
Grevillea neurophylla subsp. fluviatilis,Unknown,,0.79,,10,14,1.00,0.88,69,
Zieria lasiocaulis,Unknown,E,0.77,,13,10,0.90,1.00,69,
Asterolasia trymalioides subsp. areniticola,Unknown,,0.78,,10,14,1.00,0.88,69,
Zieria tuberculata,Unknown,V,0.80,,15,10,0.85,1.00,68,
Correa lawrenceana var. macrocalyx,Unknown,,0.84,,10,17,1.00,0.81,68,
Hibbertia fumana,Unknown,CE,0.68,,10,10,1.00,1.00,68,
Hibbertia stricta subsp. stricta,Unknown,,0.74,,10,12,1.00,0.92,67,
Zieria buxijugum,Unknown,CE,0.67,,10,10,1.00,1.00,67,
Zieria prostrata,Unknown,E,0.92,,11,21,0.96,0.76,67,
Veronica lithophila  ,Unknown,,0.78,,14,10,0.87,0.98,67,
Uromyrtus lamingtonensis  ,Unknown,,0.72,,10,12,1.00,0.92,66,
Deyeuxia microseta  ,Unknown,,0.85,,13,14,0.90,0.87,66,
Monotoca rotundifolia,Unknown,E,0.66,,10,10,1.00,1.00,66,
Prostanthera saxicola var. saxicola,Unknown,,0.79,,10,16,1.00,0.84,66,
Hakea salicifolia subsp. angustifolia,Unknown,,0.84,,19,10,0.78,1.00,66,
Gaultheria viridicarpa,Unknown,E,0.81,,10,17,1.00,0.81,65,
Epacris crassifolia subsp. crassifolia,Unknown,,0.89,,15,14,0.85,0.86,65,
Goodenia rostrivalvis  ,Unknown,,0.96,,30,10,0.68,1.00,65,
Gingidia rupicola,Unknown,E,0.80,,10,17,1.00,0.81,65,
Neoastelia spectabilis,Unknown,V,0.82,,16,11,0.83,0.95,65,
Blandfordia cunninghamii  ,Unknown,,0.97,,32,10,0.66,1.00,64,
Leptospermum rupicola,Unknown,,0.91,,26,10,0.71,1.00,64,
Thelymitra incurva  ,Unknown,,0.81,,10,18,1.00,0.79,64,
Darwinia briggsiae,Unknown,,0.77,,14,11,0.87,0.96,64,
Persoonia brevifolia,Unknown,,0.64,,10,10,1.00,1.00,64,
Gentiana wingecarribiensis,Unknown,CE,0.89,,10,24,1.00,0.72,64,
Carex klaphakei,Unknown,E,0.73,,10,14,1.00,0.88,64,
Pomaderris sericea,Unknown,E,0.72,,10,14,1.00,0.88,64,
Pittosporum oreillyanum  ,Unknown,,0.81,,17,11,0.81,0.96,63,
Astrotricha crassifolia,Unknown,V,0.89,,25,10,0.72,1.00,63,
Grevillea buxifolia subsp. ecorniculata,Unknown,,0.70,,13,10,0.90,1.00,63,
Eidothea hardeniana,Unknown,E,0.63,,10,10,1.00,1.00,63,
Lenwebbia sp. Main Range,Unknown,CE,0.79,,10,18,1.00,0.80,63,
Euphrasia bella,Unknown,V,0.68,,10,12,1.00,0.92,63,
Eucalyptus approximans,Unknown,V,0.84,,11,20,0.96,0.77,63,
Grevillea virgata,Unknown,,0.66,,10,12,1.00,0.94,62,
Hibbertia stricta subsp. furcatula,Unknown,E,0.80,,10,19,1.00,0.78,62,
Homoranthus floydii,Unknown,V,0.88,,17,14,0.81,0.87,62,
Zieria parrisiae,Unknown,CE,0.62,,10,10,1.00,1.00,62,
Pterostylis pulchella,Unknown,V,0.94,,23,13,0.73,0.89,61,
Hibbertia cistiflora subsp. cistiflora,Unknown,,0.90,,18,15,0.80,0.86,61,
Bertya sp. Clouds Creek (M.Fatemi 4) NE Herbarium,Unknown,E,0.78,,10,19,1.00,0.78,61,
Hakea constablei,Unknown,,0.96,,34,11,0.65,0.97,61,
Kunzea aristulata  ,Unknown,,0.66,,10,12,1.00,0.91,61,
Pomaderris mediora,Unknown,,0.87,,15,17,0.85,0.82,61,
Dianella tenuissima  ,Unknown,,0.95,,16,20,0.83,0.77,61,
Leptospermum blakelyi,Unknown,,0.91,,17,17,0.81,0.82,60,
Kunzea juniperoides subsp. pernervosa,Unknown,,0.74,,11,15,0.96,0.85,60,
Trachymene scapigera,Unknown,E,0.77,,10,19,1.00,0.78,60,
Calochilus pulchellus,Unknown,E,0.80,,10,21,1.00,0.75,60,
Boronia inflexa subsp. inflexa,Unknown,,0.60,,10,10,1.00,1.00,60,
Dracophyllum oceanicum,Unknown,,0.82,,13,17,0.90,0.82,60,
Zieria arborescens subsp. decurrens,Unknown,,0.75,,10,18,1.00,0.80,60,
Acacia gordonii,Unknown,E,0.92,,34,10,0.65,1.00,60,
Schoenus evansianus  ,Unknown,,0.83,,13,17,0.90,0.81,60,
Epacris crassifolia subsp. macroflora,Unknown,,0.90,,18,16,0.80,0.84,60,
Prostanthera tallowa,Unknown,,0.74,,10,18,1.00,0.80,59,
Acacia baueri subsp. aspera,Unknown,V,0.96,,24,15,0.72,0.85,59,
Grevillea humilis subsp. lucens,Unknown,,0.67,,10,13,1.00,0.89,59,
Olearia heterocarpa  ,Unknown,,0.76,,19,10,0.78,1.00,59,
Pentachondra dehiscens  ,Unknown,,0.70,,11,14,0.96,0.88,59,
Pterostylis chocolatina  ,Unknown,,0.98,,27,15,0.70,0.86,59,
Pterostylis parca  ,Unknown,,0.80,,11,21,0.96,0.76,59,
Alexfloydia repens,Unknown,E,0.81,,18,12,0.80,0.91,59,
Olearia burgessii  ,Unknown,,0.76,,11,18,0.96,0.80,58,
Hibbertia hexandra,Unknown,E,0.73,,12,15,0.93,0.86,58,
Zieria hindii,Unknown,,0.71,,17,10,0.81,1.00,58,
Eucalyptus aquatica,Unknown,V,0.73,,10,18,1.00,0.79,58,
Grevillea imberbis,Unknown,,0.69,,15,10,0.85,0.99,58,
Macrozamia elegans  ,Unknown,,0.79,,23,10,0.73,1.00,58,
Fontainea oraria,Unknown,CE,0.87,,10,31,1.00,0.67,58,
Solanum acanthodapis  ,Unknown,,0.73,,17,11,0.81,0.97,58,
Leptospermum crassifolium  ,Unknown,,0.65,,10,13,1.00,0.89,58,
Genoplesium despectans  ,Unknown,,0.86,,14,20,0.87,0.77,58,
Acrophyllum australe,Unknown,V,0.94,,42,10,0.62,1.00,58,
Darwinia glaucophylla,Unknown,V,0.89,,36,10,0.64,1.00,57,
Eucalyptus microcodon,Unknown,E,0.74,,10,20,1.00,0.77,57,
Hakea ochroptera,Unknown,,0.91,,21,17,0.76,0.82,57,
Darwinia fascicularis subsp. oligantha,Unknown,,0.95,,48,10,0.59,1.00,57,
Darwinia taxifolia subsp. taxifolia,Unknown,,0.94,,46,10,0.60,1.00,57,
Pterostylis vernalis,Unknown,CE,0.74,,13,15,0.90,0.85,56,
Asplenium harmanii  ,Unknown,,0.74,,13,15,0.90,0.85,56,
Epacris sprengelioides,Unknown,,0.83,,30,10,0.68,1.00,56,
Zieria adenodonta,Unknown,E,0.67,,10,16,1.00,0.84,56,
Acacia flocktoniae,Unknown,V,0.76,,15,14,0.85,0.87,56,
Pimelea axiflora subsp. pubescens,Unknown,E,0.72,,10,20,1.00,0.77,56,
Plinthanthesis urvillei  ,Unknown,,0.96,,20,21,0.77,0.75,56,
Acianthus exiguus  ,Unknown,,0.78,,10,25,1.00,0.71,56,
Corunastylis sp. Charmhaven (NSW896673),Unknown,CE,0.82,,10,31,1.00,0.67,55,
Acacia yalwalensis  ,Unknown,,0.73,,10,21,1.00,0.75,55,
Hibbertia puberula subsp. puberula,Unknown,E,0.77,,18,13,0.80,0.89,55,
Persoonia recedens,Unknown,,0.94,,26,16,0.71,0.83,55,
Eucalyptus cunninghamii,Unknown,,0.95,,56,10,0.57,1.00,55,
Wahlenbergia scopulicola,Unknown,E,0.60,,10,13,1.00,0.91,54,
Pultenaea rodwayi,Unknown,,0.77,,13,19,0.90,0.78,54,
Westringia saxatilis  ,Unknown,,0.68,,10,18,1.00,0.79,54,
Hibbertia sulcinervis,Unknown,,0.54,,10,10,1.00,1.00,54,
Pomaderris notata,Unknown,V,0.73,,10,23,1.00,0.73,54,
Diuris arenaria,Unknown,E,0.86,,10,40,1.00,0.62,54,
Helichrysum calvertianum,Unknown,V,0.81,,20,15,0.77,0.85,53,
Zieria adenophora,Unknown,CE,0.66,,10,18,1.00,0.80,53,
Thelymitra adorata,Unknown,CE,0.82,,13,25,0.90,0.72,53,
Baloskion longipes,Unknown,V,0.72,,16,14,0.83,0.88,53,
Prasophyllum helophilum  ,Unknown,,0.67,,10,19,1.00,0.78,53,
Blechnum hindii  ,Unknown,,0.63,,10,15,1.00,0.84,53,
Philotheca obovatifolia,Unknown,E,0.60,,10,14,1.00,0.88,53,
Elaeocarpus sedentarius,Unknown,E,0.67,,19,10,0.78,1.00,53,
Sprengelia monticola,Unknown,,0.98,,74,10,0.53,1.00,52,
Grevillea molyneuxii,Unknown,V,0.74,,14,17,0.87,0.81,52,
Amperea xiphoclada var. papillata,Unknown,,0.86,,44,10,0.61,1.00,52,
Hakea dohertyi,Unknown,E,0.67,,15,12,0.85,0.92,52,
Acacia constablei,Unknown,V,0.78,,14,20,0.87,0.77,52,
Pomaderris gilmourii var. gilmourii,Unknown,,0.66,,10,19,1.00,0.79,52,
Velleia perfoliata,Unknown,V,0.75,,17,15,0.81,0.85,52,
Eucalyptus bensonii,Unknown,,0.75,,28,10,0.69,1.00,52,
Plectranthus cremnus  ,Unknown,,0.76,,10,29,1.00,0.68,52,
Kunzea rupestris,Unknown,V,0.82,,39,10,0.63,1.00,52,
Grevillea diffusa subsp. filipendula,Unknown,,0.90,,56,10,0.57,1.00,52,
Epacris decumbens,Unknown,,0.58,,10,13,1.00,0.90,52,
Pultenaea glabra,Unknown,V,0.92,,61,10,0.56,1.00,52,
Kunzea cambagei,Unknown,V,0.76,,20,14,0.77,0.88,52,
Micromyrtus blakelyi,Unknown,V,0.82,,39,10,0.63,1.00,51,
Lastreopsis silvestris  ,Unknown,,0.78,,16,18,0.83,0.80,51,
Epacris calvertiana var. versicolor,Unknown,,0.91,,24,19,0.72,0.78,51,
Leionema ceratogynum,Unknown,,0.53,,11,10,0.96,0.99,51,
Boronia anemonifolia subsp. wadbilligensis,Unknown,,0.50,,10,10,1.00,1.00,50,
Grevillea sericea subsp. riparia,Unknown,,0.70,,24,10,0.72,1.00,50,
Elaeocarpus williamsianus,Unknown,E,0.66,,20,10,0.77,1.00,50,
Philotheca buxifolia subsp. falcata,Unknown,,0.77,,17,18,0.81,0.80,50,
Solanum serpens  ,Unknown,,0.62,,10,17,1.00,0.81,50,
Epacris rigida,Unknown,,0.94,,37,16,0.64,0.83,50,
Styphelia laeta subsp. latifolia,Unknown,,0.86,,53,10,0.58,1.00,50,
Hibbertia singularis,Unknown,,0.50,,10,10,1.00,1.00,50,
Chiloglottis sphaerula  ,Unknown,,0.79,,10,39,1.00,0.63,50,
Chloanthes glandulosa  ,Unknown,,0.83,,23,17,0.73,0.81,50,
Leptospermum benwellii,Unknown,,0.65,,10,20,1.00,0.77,50,
Gentiana wissmannii,Unknown,V,0.86,,22,20,0.74,0.77,50,
Philotheca reichenbachii,Unknown,,0.90,,67,10,0.55,1.00,49,
Leptospermum sejunctum,Unknown,,0.72,,18,14,0.80,0.86,49,
Genoplesium plumosum,Unknown,CE,0.75,,13,24,0.90,0.73,49,
Diuris byronensis,Unknown,E,0.76,,10,35,1.00,0.65,49,
Grevillea capitellata,Unknown,,0.91,,41,14,0.62,0.87,49,
Darwinia diminuta,Unknown,,0.95,,84,10,0.52,1.00,49,
Thysanotus virgatus  ,Unknown,,0.91,,28,19,0.69,0.78,49,
Grevillea rhyolitica subsp. semivestita,Unknown,,0.65,,10,21,1.00,0.75,49,
Fontainea australis,Unknown,V,0.66,,17,12,0.81,0.91,49,
Parsonsia tenuis  ,Unknown,,0.78,,13,27,0.90,0.69,49,
Hibbertia oligodonta,Unknown,,0.67,,10,24,1.00,0.73,49,
Pterostylis metcalfei,Unknown,E,0.84,,15,29,0.85,0.69,49,
Darwinia procera,Unknown,,0.91,,75,10,0.53,1.00,49,
Styphelia perileuca,Unknown,V,0.84,,20,22,0.77,0.75,48,
Grevillea oldei,Unknown,,0.84,,28,16,0.69,0.83,48,
Leucopogon fletcheri subsp. fletcheri,Unknown,E,0.73,,33,10,0.66,1.00,48,
Acacia pedina  ,Unknown,,0.76,,17,19,0.81,0.78,48,
Philotheca myoporoides subsp. brevipedunculata,Unknown,,0.72,,14,20,0.87,0.76,48,
Monotoca ledifolia,Unknown,,0.91,,38,16,0.63,0.83,48,
Grevillea epicroca,Unknown,,0.64,,10,22,1.00,0.74,48,
Myoporum floribundum  ,Unknown,,0.64,,11,20,0.96,0.77,48,
Corynocarpus rupestris subsp. rupestris,Unknown,V,0.75,,22,15,0.74,0.86,48,
Lenwebbia prominens  ,Unknown,,0.75,,36,10,0.64,0.98,48,
Genoplesium ostrinum  ,Unknown,,0.63,,13,16,0.90,0.84,48,
Genoplesium insigne,Unknown,CE,0.82,,12,40,0.93,0.62,47,
Kardomia silvestris,Unknown,E,0.85,,12,47,0.93,0.60,47,
Zieria involucrata,Unknown,E,0.82,,53,10,0.58,1.00,47,
Uromyrtus australis,Unknown,E,0.77,,42,10,0.62,1.00,47,
Ozothamnus vagans,Unknown,E,0.81,,27,16,0.70,0.84,47,
Xanthorrhoea latifolia subsp. maxima,Unknown,,0.71,,18,16,0.80,0.83,47,
Eucalyptus deuaensis,Unknown,,0.65,,10,24,1.00,0.72,47,
Plantago cladarophylla  ,Unknown,,0.84,,20,23,0.77,0.73,47,
Kardomia prominens,Unknown,CE,0.68,,10,28,1.00,0.69,47,
Podolobium aestivum  ,Unknown,,0.70,,11,26,0.96,0.71,47,
Acacia chrysotricha,Unknown,E,0.65,,18,13,0.80,0.91,47,
Diuris bracteata,Unknown,E,0.85,,17,30,0.81,0.68,47,
Hovea impressinerva  ,Unknown,,0.58,,10,17,1.00,0.81,47,
Acacia courtii,Unknown,V,0.77,,16,24,0.83,0.73,47,
Correa lawrenceana var. glandulifera,Unknown,,0.77,,22,17,0.74,0.81,46,
Commersonia salviifolia  ,Unknown,,0.66,,16,15,0.83,0.85,46,
Chiloglottis anaticeps,Unknown,E,0.69,,14,20,0.87,0.77,46,
Bertya brownii  ,Unknown,,0.73,,26,13,0.71,0.89,46,
Aristolochia laheyana  ,Unknown,,0.79,,34,13,0.65,0.89,46,
Irenepharsus trypherus,Unknown,E,0.85,,27,20,0.70,0.77,45,
Lasiopetalum joyceae,Unknown,V,0.85,,77,10,0.53,1.00,45,
Olearia cordata,Unknown,V,0.72,,36,11,0.64,0.97,45,
Leptospermum deuense,Unknown,,0.70,,16,20,0.83,0.77,45,
Eucalyptus pachycalyx subsp. banyabba,Unknown,E,0.76,,10,50,1.00,0.59,45,
Dillwynia rupestris,Unknown,,0.72,,25,14,0.72,0.86,45,
Gahnia insignis  ,Unknown,,0.78,,32,14,0.66,0.87,45,
Tetratheca rubioides,Unknown,,0.92,,61,14,0.56,0.86,45,
Genoplesium superbum,Unknown,E,0.73,,19,19,0.78,0.78,45,
Baeckea kandos,Unknown,E,0.65,,10,28,1.00,0.69,44,
Leionema sympetalum,Unknown,V,0.75,,32,13,0.66,0.90,44,
Hakea pachyphylla,Unknown,,0.94,,82,13,0.52,0.90,44,
Boronia muelleri,Unknown,,0.84,,38,16,0.63,0.83,44,
Philotheca buxifolia subsp. buxifolia,Unknown,,0.83,,59,12,0.56,0.94,44,
Hibbertia spathulata subsp. pleioclada,Unknown,,0.65,,10,30,1.00,0.68,44,
Asterolasia elegans,Unknown,E,0.71,,13,28,0.90,0.69,44,
Genoplesium baueri,Unknown,E,0.80,,32,16,0.66,0.83,44,
Rhodamnia whiteana  ,Unknown,,0.68,,11,30,0.96,0.68,44,
Eucalyptus camphora subsp. relicta,Unknown,E,0.74,,10,48,1.00,0.59,44,
Grevillea bemboka,Unknown,,0.55,,10,18,1.00,0.80,44,
Grevillea rhyolitica subsp. rhyolitica,Unknown,,0.70,,20,17,0.77,0.81,44,
Gentianella barringtonensis  ,Unknown,,0.78,,11,53,0.96,0.58,44,
Boronia fraseri,Unknown,,0.85,,90,10,0.51,1.00,44,
Darwinia biflora,Unknown,V,0.88,,105,10,0.49,1.00,44,
Senecio psilophyllus  ,Unknown,,0.58,,10,22,1.00,0.75,44,
Velleia lyrata  ,Unknown,,0.85,,53,13,0.58,0.88,43,
Allocasuarina glareicola,Unknown,E,0.53,,17,10,0.81,1.00,43,
Diuris curta  ,Unknown,,0.72,,15,26,0.85,0.70,43,
Melichrus gibberagee,Unknown,E,0.68,,10,37,1.00,0.64,43,
Aldrovanda vesiculosa,Unknown,E,0.72,,10,47,1.00,0.60,43,
Bertya sp. Chambigne NR (M.Fatemi 24) NE Herbarium,Unknown,E,0.62,,10,28,1.00,0.69,43,
Olearia flocktoniae,Unknown,E,0.93,,57,17,0.57,0.81,43,
Denhamia moorei  ,Unknown,,0.91,,53,17,0.58,0.81,43,
Chiloglottis chlorantha  ,Unknown,,0.77,,23,21,0.73,0.76,43,
Kunzea axillaris  ,Unknown,,0.76,,19,25,0.78,0.72,43,
Eucalyptus fracta,Unknown,V,0.59,,10,24,1.00,0.72,43,
Acacia alaticaulis  ,Unknown,,0.58,,11,21,0.96,0.76,42,
Hymenophyllum lyallii  ,Unknown,,0.92,,33,27,0.66,0.70,42,
Persoonia bargoensis,Unknown,E,0.77,,65,10,0.55,1.00,42,
Epacris muelleri,Unknown,,0.85,,76,12,0.53,0.93,42,
Grevillea parviflora subsp. supplicans,Unknown,E,0.66,,37,10,0.64,1.00,42,
Eucalyptus recurva,Unknown,CE,0.48,,10,14,1.00,0.87,42,
Triplarina nowraensis,Unknown,E,0.70,,19,20,0.78,0.77,42,
Euphrasia orthocheila subsp. peraspera,Unknown,E,0.66,,10,38,1.00,0.63,42,
Philotheca salsolifolia subsp. pedicellata,Unknown,,0.87,,18,45,0.80,0.60,42,
Philotheca buxifolia subsp. obovata,Unknown,,0.89,,67,15,0.55,0.86,42,
Plectranthus alloplectus,Unknown,E,0.55,,10,21,1.00,0.75,42,
Leptospermum subglabratum,Unknown,,0.73,,26,18,0.71,0.80,42,
Telopea mongaensis,Unknown,,0.66,,38,10,0.63,1.00,42,
Genoplesium littorale,Unknown,CE,0.62,,10,31,1.00,0.67,42,
Hibbertia marginata,Unknown,V,0.70,,10,49,1.00,0.59,41,
Leionema scopulinum,Unknown,,0.62,,18,16,0.80,0.83,41,
Leptospermum thompsonii,Unknown,V,0.63,,17,18,0.81,0.80,41,
Hibbertia nitida,Unknown,,0.89,,95,12,0.51,0.92,41,
Pterostylis ventricosa,Unknown,CE,0.72,,23,19,0.73,0.78,41,
Epacris gnidioides,Unknown,V,0.73,,29,16,0.68,0.83,41,
Brachyscome mittagongensis  ,Unknown,,0.76,,39,15,0.63,0.86,41,
Pterostylis collina  ,Unknown,,0.60,,10,29,1.00,0.69,41,
Leionema lamprophyllum subsp. fractum,Unknown,CE,0.56,,10,24,1.00,0.72,41,
Prostanthera rugosa,Unknown,,0.76,,26,21,0.71,0.76,41,
Isoglossa eranthemoides,Unknown,E,0.71,,28,16,0.69,0.84,41,
Grevillea parvula,Unknown,,0.84,,41,19,0.62,0.78,41,
Grevillea acanthifolia subsp. acanthifolia,Unknown,,0.92,,76,16,0.53,0.83,41,
Grevillea juniperina subsp. trinervis,Unknown,,0.73,,18,27,0.80,0.70,40,
Rhytidosporum prostratum  ,Unknown,,0.70,,18,25,0.80,0.72,40,
Prostanthera porcata,Unknown,,0.71,,25,18,0.72,0.79,40,
Genoplesium vernale,Unknown,V,0.68,,20,20,0.77,0.77,40,
Diuris flavescens,Unknown,CE,0.62,,10,36,1.00,0.64,40,
Deyeuxia reflexa  ,Unknown,,0.79,,23,28,0.73,0.69,40,
Rhizanthella slateri,Unknown,V,0.76,,20,30,0.77,0.68,40,
Eucalyptus calidissima,Unknown,,0.58,,10,29,1.00,0.69,40,
Tetratheca glandulosa,Unknown,V,0.86,,150,10,0.46,1.00,40,
Tasmannia glaucifolia,Unknown,V,0.87,,73,15,0.54,0.85,40,
Epacris purpurascens var. onosmiflora,Unknown,,0.85,,52,18,0.58,0.79,39,
Caesalpinia bonduc,Unknown,E,0.64,,13,28,0.90,0.69,39,
Boronia rhomboidea,Unknown,,0.59,,18,16,0.80,0.84,39,
Homoranthus bruhlii,Unknown,CE,0.60,,10,34,1.00,0.65,39,
Darwinia taxifolia subsp. macrolaena,Unknown,,0.73,,34,16,0.65,0.82,39,
Doryanthes palmeri,Unknown,V,0.68,,30,15,0.68,0.85,39,
Bertya pomaderroides  ,Unknown,,0.75,,45,15,0.60,0.86,39,
Symplocos baeuerlenii,Unknown,V,0.74,,78,10,0.53,1.00,39,
Styphelia longifolia,Unknown,,0.90,,59,20,0.56,0.76,39,
Prostanthera saxicola var. montana,Unknown,,0.82,,51,18,0.59,0.80,39,
Kunzea juniperoides subsp. juniperoides,Unknown,,0.45,,10,15,1.00,0.86,39,
Eucalyptus corticosa,Unknown,V,0.68,,23,19,0.73,0.78,39,
Eucalyptus wilcoxii,Unknown,,0.58,,15,19,0.85,0.79,39,
Eucalyptus langleyi,Unknown,V,0.76,,34,20,0.65,0.77,38,
Corokia whiteana,Unknown,V,0.73,,80,10,0.53,1.00,38,
Vernicia fordii  ,Unknown,,0.60,,14,24,0.87,0.73,38,
Philotheca scabra subsp. scabra,Unknown,,0.85,,91,14,0.51,0.87,38,
Grevillea raybrownii,Unknown,V,0.84,,53,19,0.58,0.78,38,
Darwinia camptostylis,Unknown,,0.82,,56,17,0.57,0.81,38,
Dillwynia crispii,Unknown,,0.69,,28,18,0.69,0.80,38,
Pterostylis riparia,Unknown,V,0.62,,10,42,1.00,0.61,38,
Comesperma breviflorum  ,Unknown,,0.55,,10,28,1.00,0.69,38,
Juncus laeviusculus subsp. illawarrensis,Unknown,,0.84,,21,48,0.76,0.59,38,
Hymenophyllum bivalve  ,Unknown,,0.82,,31,28,0.67,0.69,38,
Hibbertia surcularis,Unknown,,0.64,,10,49,1.00,0.59,38,
Prasophyllum rogersii  ,Unknown,,0.82,,20,45,0.77,0.60,38,
Diuris praecox,Unknown,V,0.84,,25,39,0.72,0.63,38,
Bossiaea bombayensis,Unknown,E,0.48,,10,19,1.00,0.79,38,
Acacia olsenii  ,Unknown,,0.53,,12,21,0.93,0.76,38,
Melaleuca deanei,Unknown,V,0.87,,176,11,0.45,0.97,37,
Grevillea baueri subsp. baueri,Unknown,,0.78,,60,15,0.56,0.85,37,
Persoonia glaucescens,Unknown,V,0.89,,110,15,0.49,0.86,37,
Bursaria calcicola  ,Unknown,,0.65,,21,21,0.76,0.76,37,
Cassinia thinicola  ,Unknown,,0.79,,21,40,0.76,0.63,37,
Acacia blayana  ,Unknown,,0.59,,17,19,0.81,0.78,37,
Pterostylis gibbosa,Unknown,E,0.72,,26,24,0.71,0.73,37,
Diploglottis campbellii,Unknown,E,0.64,,25,17,0.72,0.81,37,
Leptospermum argenteum,Unknown,,0.83,,26,38,0.71,0.64,37,
Phyllota humifusa,Unknown,V,0.78,,46,19,0.60,0.78,37,
Corybas dowlingii,Unknown,E,0.75,,19,39,0.78,0.63,37,
Grevillea linsmithii,Unknown,,0.65,,21,22,0.76,0.75,37,
Darwinia grandiflora,Unknown,,0.94,,97,19,0.50,0.78,37,
Prostanthera stenophylla,Unknown,,0.51,,10,24,1.00,0.72,37,
Boronia umbellata,Unknown,V,0.88,,104,15,0.50,0.84,37,
Boronia hapalophylla,Unknown,E,0.83,,37,28,0.64,0.69,37,
Veronica blakelyi,Unknown,V,0.84,,66,18,0.55,0.79,37,
Grevillea evansiana,Unknown,V,0.72,,44,16,0.61,0.83,37,
Persoonia mollis subsp. nectens,Unknown,,0.92,,79,21,0.53,0.75,37,
Acronychia suberosa,Unknown,,0.76,,49,17,0.59,0.81,37,
Lepyrodia oligocolea  ,Unknown,,0.69,,15,40,0.85,0.62,36,
Grevillea juniperina subsp. sulphurea,Unknown,,0.65,,22,21,0.74,0.75,36,
Hibbertia patens,Unknown,,0.57,,10,36,1.00,0.64,36,
Leucopogon exolasius,Unknown,V,0.88,,94,17,0.51,0.81,36,
Eucalyptus gregsoniana,Unknown,,0.79,,74,15,0.53,0.85,36,
Acacia chalkeri  ,Unknown,,0.51,,10,26,1.00,0.71,36,
Grevillea kedumbensis,Unknown,,0.51,,26,10,0.71,1.00,36,
Grevillea humilis subsp. maritima,Unknown,,0.81,,23,45,0.73,0.61,36,
Genoplesium ruppii  ,Unknown,,0.79,,25,37,0.72,0.64,36,
Solanum armourense,Unknown,E,0.64,,21,22,0.76,0.74,36,
Deyeuxia acuminata  ,Unknown,,0.61,,10,50,1.00,0.59,36,
Callistemon montanus  ,Unknown,,0.72,,17,44,0.81,0.61,36,
Diuris eborensis,Unknown,E,0.66,,12,50,0.93,0.59,36,
Pterostylis saxicola,Unknown,E,0.66,,44,13,0.61,0.89,36,
Davidsonia jerseyana,Unknown,E,0.61,,26,16,0.71,0.82,36,
Solanum sulphureum,Unknown,E,0.56,,10,37,1.00,0.64,36,
Philotheca scabra subsp. latifolia,Unknown,,0.77,,68,15,0.55,0.84,36,
Zieria floydii,Unknown,E,0.55,,10,36,1.00,0.64,36,
Acacia georgensis,Unknown,V,0.64,,27,19,0.70,0.79,35,
Prostanthera densa,Unknown,V,0.85,,42,30,0.62,0.67,35,
Diuris disposita,Unknown,E,0.50,,10,26,1.00,0.71,35,
Davidsonia johnsonii,Unknown,E,0.66,,54,12,0.58,0.92,35,
Eucalyptus paliformis,Unknown,,0.59,,31,13,0.67,0.89,35,
Grevillea irrasa subsp. didymochiton,Unknown,,0.64,,20,25,0.77,0.71,35,
Homoranthus lunatus,Unknown,V,0.65,,15,37,0.85,0.64,35,
Leionema carruthersii,Unknown,,0.71,,33,21,0.66,0.75,35,
Olax angulata,Unknown,V,0.84,,25,52,0.72,0.58,35,
Bursaria cayzerae  ,Unknown,,0.71,,15,52,0.85,0.58,35,
Boronia barkeriana subsp. angustifolia,Unknown,,0.83,,66,20,0.55,0.76,35,
Gentiana bredboensis,Unknown,CE,0.44,,10,18,1.00,0.80,35,
Nematolepis elliptica,Unknown,,0.45,,10,20,1.00,0.77,35,
Persoonia laurina subsp. intermedia,Unknown,,0.77,,68,16,0.55,0.82,35,
Leucopogon recurvisepalus,Unknown,,0.74,,18,50,0.80,0.59,35,
Durringtonia paludosa  ,Unknown,,0.68,,23,27,0.73,0.70,35,
Prostanthera saxicola var. major,Unknown,,0.59,,13,34,0.90,0.65,35,
Epacris lanuginosa,Unknown,,0.41,,10,16,1.00,0.84,35,
Isopogon mnoraifolius,Unknown,,0.78,,22,47,0.74,0.60,35,
Leionema lamprophyllum subsp. orbiculare,Unknown,,0.74,,43,21,0.61,0.76,34,
Myrsine richmondensis,Unknown,E,0.63,,16,33,0.83,0.66,34,
Daphnandra johnsonii,Unknown,E,0.89,,58,29,0.57,0.68,34,
Banksia penicillata,Unknown,,0.83,,91,17,0.51,0.81,34,
Leucopogon rodwayi,Unknown,,0.73,,28,31,0.69,0.67,34,
Prasophyllum wilkinsoniorum  ,Unknown,,0.38,,10,13,1.00,0.89,34,
"Quassia sp. Moonee Creek (King s.n., Nov 1949)",Unknown,E,0.88,,63,28,0.56,0.69,34,
Eucalyptus triflora,Unknown,,0.73,,57,17,0.57,0.81,34,
Korthalsella breviarticulata  ,Unknown,,0.46,,10,22,1.00,0.74,34,
Grevillea aspleniifolia,Unknown,,0.67,,53,14,0.58,0.87,34,
Eucalyptus scias subsp. apoda,Unknown,,0.69,,22,32,0.74,0.66,34,
Leptospermum epacridoideum,Unknown,,0.77,,55,21,0.57,0.76,34,
Boronia subulifolia,Unknown,,0.68,,45,17,0.60,0.82,34,
Agiortia cicatricata  ,Unknown,,0.80,,32,37,0.66,0.64,34,
Triplarina imbricata,Unknown,E,0.71,,26,31,0.71,0.67,34,
Melichrus hirsutus,Unknown,E,0.81,,42,30,0.62,0.67,33,
Persoonia mollis subsp. revoluta,Unknown,V,0.76,,46,23,0.60,0.73,33,
Pomaderris bodalla,Unknown,V,0.70,,35,23,0.65,0.73,33,
Caladenia hillmanii  ,Unknown,,0.76,,28,38,0.69,0.63,33,
Pomaderris ligustrina subsp. latifolia,Unknown,,0.55,,10,46,1.00,0.60,33,
Grevillea acerata,Unknown,,0.72,,63,16,0.56,0.82,33,
Boronia repanda,Unknown,E,0.59,,10,61,1.00,0.56,33,
Eucalyptus boliviana,Unknown,V,0.52,,10,36,1.00,0.64,33,
Eucalyptus camfieldii,Unknown,V,0.91,,117,22,0.48,0.75,33,
Eucalyptus sturgissiana,Unknown,V,0.80,,69,21,0.54,0.75,33,
Senecio esleri  ,Unknown,,0.53,,10,42,1.00,0.62,33,
Picris burbidgeae  ,Unknown,,0.62,,17,34,0.81,0.65,33,
Persoonia hirsuta,Unknown,E,0.81,,161,13,0.45,0.89,33,
Persoonia acuminata,Unknown,,0.80,,62,23,0.56,0.73,33,
Grevillea quadricauda,Unknown,V,0.67,,16,51,0.83,0.58,33,
Genoplesium formosum  ,Unknown,,0.39,,10,16,1.00,0.83,32,
Prostanthera hindii,Unknown,,0.73,,40,25,0.62,0.71,32,
Grevillea juniperina subsp. villosa,Unknown,,0.52,,21,16,0.76,0.83,32,
Pultenaea alea,Unknown,,0.73,,21,51,0.76,0.59,32,
Grevillea macleayana,Unknown,,0.74,,62,19,0.56,0.79,32,
Hibbertia tenuifolia,Unknown,E,0.48,,10,31,1.00,0.67,32,
Zieria caducibracteata,Unknown,,0.76,,84,16,0.52,0.82,32,
Eucalyptus olsenii,Unknown,,0.56,,27,17,0.70,0.82,32,
Eucalyptus expressa,Unknown,,0.57,,18,26,0.80,0.71,32,
Pomaderris crassifolia,Unknown,,0.50,,10,37,1.00,0.64,32,
Pterostylis nigricans,Unknown,V,0.80,,34,43,0.65,0.61,32,
Ricinocarpos speciosus  ,Unknown,,0.74,,38,29,0.63,0.68,32,
Homoranthus croftianus,Unknown,E,0.49,,10,35,1.00,0.65,32,
Pultenaea tarik,Unknown,,0.72,,52,20,0.58,0.76,32,
Pimelea cremnophila,Unknown,CE,0.32,,10,10,1.00,1.00,32,
Paspalidium grandispiculatum,Unknown,V,0.68,,18,51,0.80,0.58,32,
Pterostylis bicornis,Unknown,E,0.39,,10,18,1.00,0.80,32,
Grevillea divaricata,Unknown,E,0.33,,10,11,1.00,0.96,32,
Floydia praealta,Unknown,V,0.71,,70,17,0.54,0.82,32,
Persoonia oxycoccoides,Unknown,E,0.74,,62,21,0.56,0.76,31,
Eucalyptus imitans,Unknown,,0.74,,59,21,0.56,0.75,31,
Pomaderris virgata,Unknown,,0.51,,22,16,0.74,0.83,31,
Commersonia prostrata,Unknown,E,0.72,,34,32,0.65,0.67,31,
Callitris oblonga subsp. parva,Unknown,V,0.62,,15,49,0.85,0.59,31,
Acacia covenyi  ,Unknown,,0.59,,24,24,0.72,0.73,31,
Endiandra floydii,Unknown,E,0.59,,40,15,0.62,0.85,31,
Allocasuarina simulans,Unknown,V,0.64,,16,53,0.83,0.58,31,
Pultenaea robusta,Unknown,,0.79,,43,38,0.61,0.63,31,
Pultenaea maritima,Unknown,V,0.77,,38,39,0.63,0.63,31,
Plectranthus nitidus,Unknown,E,0.63,,18,43,0.80,0.61,31,
Prostanthera petraea,Unknown,,0.68,,22,46,0.74,0.60,31,
Micromyrtus minutiflora,Unknown,E,0.54,,61,10,0.56,1.00,30,
Bosistoa floydii  ,Unknown,,0.71,,37,31,0.64,0.67,30,
Acacia cangaiensis  ,Unknown,,0.62,,28,26,0.69,0.71,30,
Boronia boliviensis,Unknown,E,0.47,,10,35,1.00,0.65,30,
Leionema coxii,Unknown,,0.61,,38,19,0.63,0.78,30,
Acacia floydii  ,Unknown,,0.67,,25,39,0.72,0.63,30,
Grevillea juniperina subsp. amphitricha,Unknown,,0.54,,25,19,0.72,0.79,30,
Pomaderris brunnea,Unknown,E,0.62,,61,14,0.56,0.86,30,
Ochrosia moorei,Unknown,E,0.68,,82,16,0.52,0.84,30,
Eucalyptus olida,Unknown,,0.75,,45,33,0.60,0.66,30,
Eucalyptus baeuerlenii,Unknown,,0.67,,46,23,0.60,0.73,30,
Geranium graniticola  ,Unknown,,0.74,,47,31,0.60,0.67,30,
Pimelea venosa,Unknown,E,0.50,,10,48,1.00,0.59,30,
Homoranthus elusus,Unknown,CE,0.49,,10,44,1.00,0.61,30,
Lepyrodia imitans  ,Unknown,,0.75,,46,34,0.60,0.65,30,
Pterostylis barringtonensis  ,Unknown,,0.50,,10,49,1.00,0.59,30,
Diuris venosa,Unknown,V,0.59,,16,46,0.83,0.60,29,
Zieria granulata,Unknown,E,0.88,,102,31,0.50,0.67,29,
Pterostylis calceolus  ,Unknown,,0.50,,10,49,1.00,0.59,29,
Haloragodendron monospermum,Unknown,,0.54,,23,22,0.73,0.75,29,
Cryptocarya williwilliana  ,Unknown,,0.59,,30,23,0.68,0.73,29,
Acacia serpentinicola  ,Unknown,,0.47,,10,39,1.00,0.63,29,
Styphelia psiloclada,Unknown,,0.49,,16,25,0.83,0.72,29,
Pomaderris brogoensis,Unknown,,0.62,,36,23,0.64,0.73,29,
Allocasuarina ophiolitica  ,Unknown,,0.45,,10,36,1.00,0.64,29,
Haloragis exalata subsp. exalata,Unknown,V,0.68,,47,25,0.60,0.71,29,
Prasophyllum dossenum  ,Unknown,,0.58,,13,64,0.90,0.55,29,
Grevillea acanthifolia subsp. stenomera,Unknown,,0.73,,52,31,0.58,0.67,29,
Prasophyllum caricetum  ,Unknown,,0.38,,10,20,1.00,0.77,29,
Tylophora woollsii,Unknown,E,0.78,,57,36,0.57,0.64,29,
Grevillea baueri subsp. asperula,Unknown,,0.74,,90,21,0.51,0.75,29,
Acacia kydrensis  ,Unknown,,0.57,,27,25,0.70,0.72,28,
Hibbertia expansa,Unknown,,0.43,,10,34,1.00,0.65,28,
Allocasuarina defungens,Unknown,E,0.71,,47,32,0.60,0.66,28,
Solanum celatum,Unknown,E,0.80,,101,25,0.50,0.71,28,
Prasophyllum solstitium  ,Unknown,,0.47,,10,44,1.00,0.61,28,
Pimelea curviflora var. curviflora,Unknown,V,0.78,,123,21,0.48,0.76,28,
Acacia clunies-rossiae,Unknown,V,0.60,,90,12,0.51,0.92,28,
Coopernookia chisholmii  ,Unknown,,0.71,,54,29,0.58,0.68,28,
Conospermum burgessiorum,Unknown,,0.70,,48,31,0.59,0.67,28,
Persoonia laurina subsp. leiogyna,Unknown,,0.73,,75,24,0.53,0.72,28,
Eucalyptus hypostomatica,Unknown,,0.70,,59,26,0.56,0.70,28,
Genoplesium oliganthum  ,Unknown,,0.51,,19,26,0.78,0.70,28,
Eucalyptus moorei subsp. serpentinicola,Unknown,,0.51,,15,35,0.85,0.65,28,
Westringia sericea  ,Unknown,,0.50,,10,63,1.00,0.56,28,
Prasophyllum caudiculum  ,Unknown,,0.47,,10,50,1.00,0.59,28,
Pomaderris helianthemifolia subsp. hispida,Unknown,,0.46,,13,31,0.90,0.67,28,
Persoonia daphnoides,Unknown,,0.64,,24,48,0.72,0.60,28,
Caladenia tessellata,Unknown,E,0.64,,36,31,0.64,0.67,28,
Eucalyptus rudderi,Unknown,,0.59,,23,36,0.73,0.64,28,
Asterolasia buckinghamii,Unknown,,0.64,,16,85,0.83,0.52,28,
Persoonia katerae,Unknown,,0.59,,30,28,0.68,0.69,28,
Boronia inflexa subsp. torringtonensis,Unknown,CE,0.43,,10,37,1.00,0.64,28,
Persicaria elatior,Unknown,V,0.69,,43,34,0.61,0.65,27,
Allocasuarina rupicola  ,Unknown,,0.55,,17,43,0.81,0.61,27,
Leucopogon sp. Torrington (L.M.Copeland 3720),Unknown,,0.42,,10,36,1.00,0.64,27,
Hibbertia demissa,Unknown,,0.45,,10,45,1.00,0.60,27,
Acacia baeuerlenii  ,Unknown,,0.78,,49,52,0.59,0.58,27,
Solanum limitare,Unknown,E,0.50,,15,37,0.85,0.64,27,
Persoonia microphylla,Unknown,,0.57,,49,18,0.59,0.80,27,
Tinospora tinosporoides,Unknown,V,0.72,,221,14,0.43,0.87,27,
Veronica sobolifera  ,Unknown,,0.77,,44,57,0.61,0.57,27,
Pultenaea hartmannii,Unknown,,0.47,,10,59,1.00,0.57,27,
Pomaderris parrisiae,Unknown,V,0.40,,19,15,0.78,0.85,27,
Acacia pubescens,Unknown,V,0.71,,264,13,0.41,0.90,27,
Pseudanthus pauciflorus  ,Unknown,,0.61,,24,47,0.72,0.60,27,
Solanum curvicuspe  ,Unknown,,0.68,,52,32,0.58,0.66,26,
Leionema westonii,Unknown,CE,0.36,,10,23,1.00,0.73,26,
Bossiaea rupicola  ,Unknown,,0.38,,10,29,1.00,0.68,26,
Persoonia rufa,Unknown,,0.71,,73,29,0.54,0.68,26,
Acacia lucasii  ,Unknown,,0.45,,25,17,0.72,0.82,26,
Diospyros mabacea,Unknown,E,0.55,,40,21,0.62,0.75,26,
Cryptostylis hunteriana,Unknown,V,0.77,,81,37,0.52,0.64,26,
Eucalyptus stenostoma,Unknown,,0.58,,57,20,0.57,0.77,26,
Gossia fragrantissima,Unknown,E,0.65,,91,20,0.51,0.77,26,
Acronychia littoralis,Unknown,E,0.72,,84,29,0.52,0.68,26,
Eucalyptus kartzoffiana,Unknown,V,0.63,,66,23,0.55,0.73,25,
Solanum spirale  ,Unknown,,0.62,,42,33,0.62,0.66,25,
Spyridium burragorang  ,Unknown,,0.48,,19,30,0.78,0.68,25,
Grevillea banyabba,Unknown,V,0.69,,39,53,0.63,0.58,25,
Hakea fraseri,Unknown,V,0.35,,15,15,0.85,0.84,25,
Niemeyera whitei,Unknown,V,0.84,,624,16,0.36,0.84,25,
Endiandra hayesii,Unknown,V,0.66,,159,16,0.45,0.84,25,
Cryptocarya foetida,Unknown,V,0.65,,78,23,0.53,0.73,25,
Dodonaea serratifolia  ,Unknown,,0.57,,32,34,0.66,0.66,25,
Grevillea masonii,Unknown,E,0.61,,30,47,0.68,0.60,25,
Boronia safrolifera,Unknown,,0.76,,92,38,0.51,0.63,25,
Bossiaea oligosperma,Unknown,V,0.51,,38,21,0.63,0.76,25,
Hicksbeachia pinnatifolia,Unknown,V,0.66,,226,14,0.42,0.87,25,
Pterostylis elegans,Unknown,V,0.65,,37,50,0.64,0.59,24,
Persoonia adenantha,Unknown,,0.65,,89,24,0.51,0.72,24,
Phebalium glandulosum subsp. eglandulosum,Unknown,E,0.38,,10,37,1.00,0.64,24,
Euphrasia ciliolata,Unknown,V,0.71,,60,44,0.56,0.61,24,
Thesium australe,Unknown,V,0.26,,11,11,0.96,0.95,24,
Acianthus apprimus  ,Unknown,,0.66,,40,50,0.62,0.59,24,
Hibbertia acuminata,Unknown,,0.70,,52,51,0.58,0.59,24,
Syzygium hodgkinsoniae,Unknown,V,0.67,,230,16,0.42,0.84,24,
Cassia marksiana,Unknown,E,0.56,,62,21,0.56,0.75,24,
Pomaderris costata,Unknown,,0.51,,36,24,0.64,0.72,24,
Rhodamnia maideniana,Unknown,CE,0.61,,109,19,0.49,0.78,24,
Leiocarpa serpens  ,Unknown,,0.51,,20,45,0.77,0.61,24,
Homoranthus cernuus  ,Unknown,,0.46,,29,22,0.68,0.75,24,
Pterostylis chaetophora,Unknown,V,0.61,,56,32,0.57,0.66,23,
Eucalyptus macarthurii,Unknown,E,0.72,,214,21,0.43,0.76,23,
Pultenaea rostrata,Unknown,,0.77,,89,49,0.51,0.59,23,
Persoonia procumbens,Unknown,,0.66,,48,48,0.59,0.59,23,
Persoonia marginata,Unknown,V,0.56,,44,31,0.61,0.67,23,
Eucalyptus rummeryi,Unknown,,0.70,,79,40,0.53,0.62,23,
Eucalyptus ancophila,Unknown,,0.53,,45,25,0.60,0.71,23,
Persoonia nutans,Unknown,E,0.52,,188,10,0.44,1.00,23,
Desmodium acanthocladum,Unknown,V,0.65,,146,21,0.46,0.76,23,
Cassinia straminea  ,Unknown,,0.47,,16,52,0.83,0.58,23,
Eucalyptus scoparia,Unknown,E,0.76,,135,37,0.47,0.64,23,
Ancistrachne maidenii,Unknown,V,0.71,,68,52,0.55,0.58,23,
Angophora inopina,Unknown,V,0.78,,167,36,0.45,0.64,22,
Pterostylis tenuis  ,Unknown,,0.43,,19,32,0.78,0.66,22,
Philotheca epilosa,Unknown,,0.60,,42,45,0.62,0.60,22,
Pomaderris cotoneaster,Unknown,E,0.57,,40,39,0.62,0.63,22,
Callitris baileyi,Unknown,V,0.39,,13,38,0.90,0.64,22,
Cheiranthera borealis  ,Unknown,,0.39,,10,56,1.00,0.57,22,
Asperula asthenes,Unknown,V,0.61,,63,34,0.56,0.65,22,
Diuris aequalis,Unknown,E,0.50,,32,30,0.66,0.67,22,
Macrozamia montana  ,Unknown,,0.50,,23,45,0.73,0.60,22,
Daviesia suaveolens,Unknown,,0.55,,62,25,0.56,0.72,22,
Eucalyptus benthamii,Unknown,CE,0.48,,60,17,0.56,0.82,22,
Corchorus cunninghamii,Unknown,E,0.38,,22,20,0.74,0.77,22,
Haloragodendron baeuerlenii,Unknown,,0.48,,20,50,0.77,0.59,22,
Pultenaea parviflora,Unknown,E,0.53,,117,15,0.48,0.85,22,
Boronia chartacea,Unknown,,0.63,,49,52,0.59,0.58,22,
Acacia dangarensis,Unknown,CE,0.30,,10,23,1.00,0.73,22,
Melaleuca biconvexa,Unknown,V,0.78,,332,28,0.40,0.69,22,
Hibbertia pachynemidium,Unknown,,0.39,,10,71,1.00,0.54,21,
Clematis fawcettii,Unknown,V,0.53,,39,36,0.63,0.64,21,
Gentiana baeuerlenii,Unknown,E,0.31,,10,29,1.00,0.68,21,
Prostanthera cineolifera,Unknown,V,0.53,,27,56,0.70,0.57,21,
Acacia clandullensis  ,Unknown,,0.45,,29,29,0.68,0.69,21,
Acacia bynoeana,Unknown,E,0.76,,286,30,0.41,0.68,21,
Pimelea spicata,Unknown,E,0.60,,82,31,0.52,0.67,21,
Persoonia myrtilloides subsp. cunninghamii,Unknown,,0.52,,43,33,0.61,0.66,21,
Myriophyllum latifolium  ,Unknown,,0.62,,62,45,0.56,0.61,21,
Eucalyptus tetrapleura,Unknown,V,0.74,,142,44,0.46,0.61,21,
Owenia cepiodora,Unknown,V,0.58,,63,34,0.56,0.65,21,
Westringia kydrensis,Unknown,E,0.34,,14,26,0.87,0.70,21,
Marsdenia longiloba,Unknown,E,0.68,,212,26,0.43,0.71,21,
Macadamia tetraphylla,Unknown,V,0.68,,334,20,0.40,0.77,21,
Syzygium moorei,Unknown,V,0.63,,288,17,0.41,0.81,21,
Sannantha crassa  ,Unknown,,0.50,,43,31,0.61,0.67,21,
Maundia triglochinoides,Unknown,V,0.71,,146,38,0.46,0.63,21,
Phebalium verrucosum,Unknown,,0.45,,29,31,0.68,0.67,21,
Eucalyptus psammitica,Unknown,,0.67,,83,50,0.52,0.59,21,
Callistemon linearifolius,Unknown,V,0.75,,223,37,0.43,0.64,20,
Callistemon flavovirens  ,Unknown,,0.52,,37,45,0.64,0.61,20,
Eucalyptus codonocarpa,Unknown,,0.59,,57,48,0.57,0.60,20,
Prostanthera sejuncta,Unknown,V,0.56,,41,54,0.62,0.58,20,
Grevillea juniperina subsp. juniperina,Unknown,V,0.54,,269,13,0.41,0.90,20,
Grevillea parviflora subsp. parviflora,Unknown,V,0.80,,358,38,0.39,0.63,20,
Dampiera fusca,Unknown,E,0.42,,34,25,0.65,0.72,20,
Bertya glandulosa  ,Unknown,,0.36,,10,71,1.00,0.54,20,
Eucalyptus ophitica,Unknown,,0.33,,12,36,0.93,0.64,20,
Macrozamia johnsonii,Unknown,E,0.68,,165,37,0.45,0.64,20,
Zieria citriodora,Unknown,E,0.25,,10,20,1.00,0.77,20,
Grevillea beadleana,Unknown,E,0.48,,39,35,0.63,0.65,20,
Chiloglottis palachila  ,Unknown,,0.61,,25,179,0.72,0.44,19,
Acacia latisepala  ,Unknown,,0.46,,28,47,0.69,0.60,19,
Caladenia subtilis  ,Unknown,,0.34,,10,62,1.00,0.56,19,
Asterolasia rupestris subsp. recurva,Unknown,,0.33,,10,54,1.00,0.58,19,
Grevillea granulifera,Unknown,,0.50,,42,44,0.62,0.61,19,
Angophora robur,Unknown,V,0.74,,212,49,0.43,0.59,19,
Daviesia elliptica,Unknown,,0.58,,59,54,0.56,0.58,19,
Muehlenbeckia sp. Mt Norman,Unknown,V,0.42,,10,179,1.00,0.44,19,
Leucopogon confertus,Unknown,E,0.28,,10,32,1.00,0.67,19,
Acacia kybeanensis  ,Unknown,,0.59,,41,96,0.62,0.50,19,
Eucalyptus badjensis,Unknown,,0.40,,50,19,0.59,0.78,18,
Hibbertia elata,Unknown,,0.36,,10,94,1.00,0.51,18,
Bertya ingramii,Unknown,E,0.29,,16,20,0.83,0.76,18,
Grevillea scortechinii subsp. sarmentosa,Unknown,V,0.45,,28,50,0.69,0.59,18,
Eucalyptus pumila,Unknown,V,0.33,,16,30,0.83,0.68,18,
Syzygium paniculatum,Unknown,E,0.76,,477,35,0.37,0.65,18,
Chiloglottis platyptera,Unknown,V,0.48,,26,75,0.71,0.53,18,
Prasophyllum canaliculatum,Unknown,CE,0.32,,10,58,1.00,0.57,18,
Solanum neoanglicum  ,Unknown,,0.46,,36,46,0.64,0.60,18,
Cynanchum elegans,Unknown,E,0.67,,199,43,0.43,0.61,18,
Eucalyptus castrensis,Unknown,E,0.26,,10,29,1.00,0.68,18,
Hakea macrorrhyncha,Unknown,,0.47,,40,42,0.62,0.61,18,
Parsonsia dorrigoensis,Unknown,V,0.60,,417,19,0.38,0.78,18,
Acacia pycnostachya,Unknown,V,0.44,,32,45,0.66,0.61,18,
Tetratheca juncea,Unknown,V,0.84,,987,39,0.33,0.63,18,
Almaleea cambagei,Unknown,E,0.42,,33,37,0.66,0.64,17,
Eucalyptus largeana,Unknown,E,0.56,,87,47,0.52,0.60,17,
Diuris ochroma,Unknown,E,0.35,,10,103,1.00,0.50,17,
Eucalyptus parramattensis subsp. decadens,Unknown,V,0.64,,289,35,0.41,0.65,17,
Commersonia rosea,Unknown,E,0.36,,25,33,0.72,0.66,17,
Hydrocotyle digitata  ,Unknown,,0.49,,32,95,0.66,0.51,17,
Haloragis exalata subsp. velutina,Unknown,V,0.44,,37,56,0.64,0.57,16,
Persoonia pauciflora,Unknown,CE,0.23,,10,27,1.00,0.70,16,
Rutidosis heterogama,Unknown,V,0.54,,123,45,0.48,0.61,16,
Grevillea viridiflava,Unknown,,0.38,,35,37,0.65,0.64,16,
Prostanthera gilesii,Unknown,CE,0.24,,10,35,1.00,0.65,16,
Cassinia lepschii  ,Unknown,,0.36,,20,65,0.77,0.55,15,
Dillwynia glaucula,Unknown,E,0.37,,30,46,0.68,0.60,15,
Prostanthera prunelloides,Unknown,,0.43,,74,34,0.53,0.65,15,
Echinopogon phleoides  ,Unknown,,0.27,,10,70,1.00,0.54,15,
Kennedia retrorsa,Unknown,V,0.26,,16,28,0.83,0.69,15,
Eucalyptus cannonii,Unknown,V,0.56,,240,41,0.42,0.62,15,
Euphrasia arguta,Unknown,CE,0.37,,18,111,0.80,0.49,14,
Persoonia asperula,Unknown,,0.45,,92,40,0.51,0.62,14,
Indigofera baileyi,Unknown,E,0.34,,18,77,0.80,0.53,14,
Eucalyptus oresbia,Unknown,V,0.27,,11,67,0.96,0.55,14,
Lepiderema pulchella,Unknown,V,0.57,,55,217,0.57,0.43,14,
Prostanthera discolor,Unknown,V,0.21,,10,31,1.00,0.67,14,
Pelargonium sp. Striatellum,Unknown,E,0.25,,10,65,1.00,0.55,14,
Acacia ruppii,Unknown,E,0.45,,81,54,0.52,0.58,14,
Epacris robusta,Unknown,,0.41,,49,60,0.59,0.56,14,
Eucalyptus magnificata,Unknown,E,0.35,,41,41,0.62,0.62,14,
Eucalyptus rubida subsp. barbigerorum,Unknown,V,0.36,,29,71,0.68,0.54,13,
Pomaderris precaria,Unknown,,0.24,,17,33,0.81,0.66,13,
Acacia macnuttiana,Unknown,V,0.39,,47,60,0.60,0.56,13,
Senecio linearifolius var. dangarensis,Unknown,E,0.17,,10,22,1.00,0.75,13,
Philotheca conduplicata,Unknown,,0.35,,24,92,0.72,0.51,13,
Asterolasia beckersii,Unknown,CE,0.27,,10,128,1.00,0.47,13,
Acacia meiantha,Unknown,E,0.29,,42,26,0.62,0.71,13,
Prostanthera teretifolia,Unknown,,0.38,,82,38,0.52,0.64,13,
Caladenia attenuata,Unknown,CE,0.24,,10,81,1.00,0.52,13,
Homoranthus biflorus  ,Unknown,,0.23,,10,65,1.00,0.55,12,
Homoranthus binghiensis,Unknown,E,0.23,,16,34,0.83,0.65,12,
Lepidium peregrinum,Unknown,E,0.24,,10,95,1.00,0.51,12,
Diuris pedunculata,Unknown,E,0.41,,56,92,0.57,0.51,12,
Rutidosis leptorrhynchoides,Unknown,E,0.22,,13,47,0.90,0.60,12,
Eucalyptus pulverulenta,Unknown,V,0.40,,113,45,0.49,0.61,12,
Lepyrodia leptocaulis  ,Unknown,,0.39,,53,85,0.58,0.52,12,
Euphrasia scabra,Unknown,E,0.31,,22,99,0.74,0.50,12,
Bossiaea fragrans,Unknown,CE,0.20,,10,59,1.00,0.57,11,
Grevillea oxyantha subsp. oxyantha,Unknown,,0.33,,58,44,0.57,0.61,11,
Acacia aureocrinita  ,Unknown,,0.28,,34,46,0.65,0.60,11,
Eucalyptus nicholii,Unknown,V,0.49,,274,65,0.41,0.55,11,
Eucalyptus cinerea subsp. triplex,Unknown,,0.21,,14,53,0.87,0.58,10,
Pomaderris betulina subsp. actensis,Unknown,,0.16,,10,42,1.00,0.61,10,
Phebalium glandulosum subsp. angustifolium,Unknown,,0.26,,24,80,0.72,0.53,10,
Thelymitra alpicola,Unknown,V,0.24,,17,87,0.81,0.52,10,
Logania granitica  ,Unknown,,0.21,,10,132,1.00,0.47,10,
Eucalyptus aggregata,Unknown,V,0.39,,271,49,0.41,0.59,10,
Eriocaulon australasicum,Unknown,E,0.23,,10,256,1.00,0.42,9,
Eucalyptus glaucina,Unknown,V,0.38,,312,42,0.40,0.62,9,
Monotaxis macrophylla,Unknown,E,0.32,,37,174,0.64,0.45,9,
Caladenia amnicola  ,Unknown,E,0.16,,10,62,1.00,0.56,9,
Eucalyptus kybeanensis,Unknown,,0.32,,45,127,0.60,0.48,9,
Prostanthera cryptandroides subsp. cryptandroides,Unknown,V,0.26,,27,104,0.70,0.50,9,
Persoonia terminalis subsp. terminalis,Unknown,,0.27,,87,38,0.52,0.63,9,
Boronia amabilis,Unknown,,0.13,,10,34,1.00,0.65,9,
Muehlenbeckia diclina subsp. Gippsland,Unknown,,0.16,,10,82,1.00,0.52,9,
Eucalyptus saxatilis,Unknown,E,0.17,,11,86,0.96,0.52,9,
Pomaderris pallida,Unknown,V,0.24,,38,61,0.63,0.56,8,
Zieria obcordata,Unknown,E,0.16,,12,65,0.93,0.55,8,
Goodenia stephensonii  ,Unknown,,0.25,,40,85,0.62,0.52,8,
Minuria scoparia  ,Unknown,,0.19,,15,139,0.85,0.47,8,
Leionema rotundifolium,Unknown,,0.26,,58,93,0.57,0.51,8,
Allocasuarina brachystachya  ,Unknown,,0.19,,27,73,0.70,0.54,7,
Boronia granitica,Unknown,V,0.28,,111,93,0.49,0.51,7,
Velleia parvisepta  ,Unknown,,0.16,,12,149,0.93,0.46,7,
Acacia pubifolia,Unknown,E,0.17,,18,93,0.80,0.51,7,
Leionema lamprophyllum subsp. obovatum,Unknown,,0.19,,23,103,0.73,0.50,7,
Caladenia gracillima  ,Unknown,,0.13,,10,77,1.00,0.53,7,
Boronia angustisepala,Unknown,,0.24,,37,191,0.64,0.44,7,
Grevillea wilkinsonii,Unknown,CE,0.11,,10,48,1.00,0.59,7,
Bertya mollissima  ,Unknown,,0.17,,14,184,0.87,0.44,6,
Picris evae,Unknown,V,0.13,,10,107,1.00,0.49,6,
Zieria odorifera subsp. williamsii,Unknown,,0.18,,28,103,0.69,0.50,6,
Ozothamnus tesselatus,Unknown,V,0.15,,33,37,0.66,0.64,6,
Coronidium kaputaricum  ,Unknown,,0.14,,10,179,1.00,0.44,6,
Cassinia theodorii  ,Unknown,,0.13,,11,181,0.96,0.44,6,
Pterostylis aneba  ,Unknown,,0.11,,10,110,1.00,0.49,6,
Eucalyptus caleyi subsp. ovendenii,Unknown,V,0.16,,29,91,0.68,0.51,6,
Prasophyllum petilum,Unknown,E,0.17,,40,109,0.62,0.49,5,
Hibbertia porcata,Unknown,,0.11,,10,108,1.00,0.49,5,
Dodonaea procumbens,Unknown,V,0.15,,39,57,0.63,0.57,5,
Micromyrtus grandis,Unknown,E,0.09,,10,56,1.00,0.57,5,
Olearia aglossa  ,Unknown,,0.10,,10,115,1.00,0.49,5,
Leucochrysum albicans subsp. tricolor,Unknown,E,0.24,,382,87,0.39,0.52,5,
Lasiopetalum longistamineum,Unknown,V,0.09,,17,37,0.81,0.64,5,
Acacia williamsiana  ,Unknown,,0.13,,27,82,0.70,0.52,5,
Zieria odorifera subsp. warrabahensis,Unknown,CE,0.08,,10,80,1.00,0.53,4,
Hibbertia pilifera,Unknown,,0.09,,10,157,1.00,0.46,4,
Eucalyptus mckieana,Unknown,V,0.17,,139,91,0.47,0.51,4,
Olearia montana  ,Unknown,,0.07,,11,42,0.96,0.61,4,
Dichanthium setosum,Unknown,V,0.18,,170,170,0.45,0.45,4,
Eucalyptus quinniorum,Unknown,,0.11,,38,100,0.63,0.50,4,
Pomaderris reperta,Unknown,CE,0.06,,12,37,0.93,0.64,4,
Grevillea juniperina subsp. fortis,Unknown,,0.05,,10,20,1.00,0.77,3,
Prostanthera nivea var. induta,Unknown,,0.09,,25,134,0.72,0.47,3,
Genoplesium ectopum  ,Unknown,,0.05,,10,39,1.00,0.63,3,
Lepidium hyssopifolium,Unknown,E,0.15,,100,426,0.50,0.38,3,
Bertya oblonga  ,Unknown,,0.09,,24,175,0.72,0.45,3,
Hibbertia florida,Unknown,,0.06,,10,162,1.00,0.45,3,
Swainsona recta,Unknown,E,0.11,,75,147,0.53,0.46,3,
Homoranthus prolixus,Unknown,V,0.09,,49,113,0.59,0.49,3,
Asterolasia rupestris subsp. rupestris,Unknown,,0.07,,17,179,0.81,0.44,3,
Cassinia copensis  ,Unknown,,0.08,,33,124,0.66,0.48,3,
Grevillea iaspicula,Unknown,CE,0.03,,10,16,1.00,0.84,3,
Phebalium squamulosum subsp. coriaceum,Unknown,,0.08,,37,140,0.64,0.47,2,
Calotis pubescens,Unknown,E,0.06,,15,120,0.85,0.48,2,
Prostanthera monticola,Unknown,,0.06,,15,128,0.85,0.47,2,
Macrozamia humilis,Unknown,E,0.06,,17,106,0.81,0.49,2,
Cheiranthera telfordii  ,Unknown,,0.07,,33,112,0.66,0.49,2,
Pilularia novae-hollandiae,Unknown,E,0.08,,35,191,0.65,0.44,2,
Rutidosis leiolepis,Unknown,V,0.07,,58,103,0.57,0.50,2,
Rytidosperma pumilum,Unknown,V,0.04,,10,121,1.00,0.48,2,
Carex archeri,Unknown,E,0.04,,10,120,1.00,0.48,2,
Acacia phasmoides,Unknown,V,0.05,,10,158,1.00,0.45,2,
Calotis glandulosa,Unknown,V,0.09,,141,97,0.47,0.50,2,
Senecio garlandii,Unknown,V,0.06,,26,174,0.71,0.45,2,
Cullen parvum,Unknown,E,0.05,,13,222,0.90,0.43,2,
Pterostylis oreophila,Unknown,CE,0.04,,10,115,1.00,0.49,2,
Hibbertia simulans,Unknown,,0.04,,10,160,1.00,0.45,2,
Astrotricha roddii,Unknown,E,0.05,,42,77,0.62,0.53,2,
Rytidosperma vickeryae,Unknown,E,0.05,,27,121,0.70,0.48,2,
Indigofera efoliata,Unknown,E,0.04,,13,142,0.90,0.46,2,
Asterolasia trymalioides subsp. villosa,Unknown,,0.03,,10,110,1.00,0.49,2,
Argyrotegium nitidulum,Unknown,V,0.05,,22,120,0.74,0.48,2,
Cyperus secubans  ,Unknown,,0.05,,20,191,0.77,0.44,2,
Grevillea diminuta,Unknown,,0.03,,17,59,0.81,0.56,1,
Swainsona sericea,Unknown,V,0.09,,323,249,0.40,0.42,1,
Correa lawrenceana var. rosea,Unknown,,0.05,,53,134,0.58,0.47,1,
Caladenia concolor,Unknown,E,0.04,,13,176,0.90,0.45,1,
Leptospermum namadgiense,Unknown,,0.03,,11,85,0.96,0.52,1,
Eucalyptus lacrimans,Unknown,,0.04,,49,85,0.59,0.52,1,
Ranunculus anemoneus,Unknown,V,0.05,,98,122,0.50,0.48,1,
Homoranthus darwinioides,Unknown,V,0.05,,72,202,0.54,0.43,1,
Diuris tricolor,Unknown,V,0.06,,130,200,0.47,0.43,1,
Zieria odorifera subsp. copelandii,Unknown,CE,0.03,,10,189,1.00,0.44,1,
Lepidium aschersonii,Unknown,V,0.01,,10,10,1.00,1.00,1,
Brachyscome muelleroides,Unknown,V,0.03,,17,166,0.81,0.45,1,
Eucalyptus nandewarica,Unknown,,0.03,,21,194,0.76,0.44,1,
Eucalyptus canobolensis,Unknown,E,0.02,,31,24,0.67,0.73,1,
Glycine latrobeana,Unknown,CE,0.02,,10,104,1.00,0.50,1,
Cassinia venusta  ,Unknown,,0.02,,10,158,1.00,0.45,1,
Caladenia montana,Unknown,V,0.02,,10,95,1.00,0.51,1,
Grevillea wiradjuri,Unknown,,0.03,,30,106,0.68,0.49,1,
Prostanthera cruciflora,Unknown,,0.03,,30,196,0.68,0.44,1,
Olearia stenophylla  ,Unknown,,0.02,,10,101,1.00,0.50,1,
Caladenia arenaria,Unknown,E,0.03,,26,124,0.71,0.48,1,
Pomaderris cocoparrana,Unknown,E,0.02,,21,61,0.76,0.56,1,
Prasophyllum innubum,Unknown,CE,0.02,,21,116,0.76,0.48,1,
Eucalyptus forresterae,Unknown,,0.02,,10,100,1.00,0.50,1,
Discaria nitida,Unknown,V,0.03,,52,109,0.58,0.49,1,
Leionema viridiflorum,Unknown,,0.03,,58,192,0.57,0.44,1,
Prasophyllum keltonii,Unknown,CE,0.02,,10,88,1.00,0.51,1,
Phebalium glandulosum subsp. nitidum,Unknown,,0.02,,10,137,1.00,0.47,1,
Prostanthera makinsonii,Unknown,,0.01,,10,24,1.00,0.73,1,
Acacia acrionastes,Unknown,E,0.01,,10,60,1.00,0.56,1,
Prasophyllum bagoense,Unknown,CE,0.01,,11,87,0.96,0.52,1,
Prasophyllum retroflexum,Unknown,V,0.02,,25,97,0.72,0.50,1,
Asterolasia hexapetala,Unknown,,0.02,,35,135,0.65,0.47,1,
Zieria ingramii,Unknown,E,0.02,,55,90,0.57,0.51,1,
Ammobium craspedioides,Unknown,V,0.02,,100,76,0.50,0.53,1,
Austrostipa wakoolica,Unknown,E,0.03,,71,306,0.54,0.40,1,
Atriplex infrequens,Unknown,V,0.02,,13,608,0.90,0.36,1,
Grevillea oxyantha subsp. ecarinata,Unknown,,0.01,,12,73,0.93,0.54,1,
Hibbertia fruticosa,Unknown,,0.01,,10,189,1.00,0.44,1,
Bertya riparia  ,Unknown,,0.01,,10,40,1.00,0.62,1,
Commersonia procumbens,Unknown,V,0.02,,76,194,0.53,0.44,0,
Diuris sp. Oaklands (D.L.Jones 5380) NSW Herbarium,Unknown,E,0.01,,10,117,1.00,0.48,0,
Boronia ruppii,Unknown,E,0.01,,10,124,1.00,0.48,0,
Dillwynia palustris,Unknown,,0.01,,16,92,0.83,0.51,0,
Eleocharis obicis,Unknown,V,0.01,,13,241,0.90,0.42,0,
Persoonia terminalis subsp. recurva,Unknown,,0.02,,37,146,0.64,0.46,0,
Hakea pulvinifera,Unknown,E,0.01,,10,194,1.00,0.44,0,
Digitaria porrecta,Unknown,E,0.02,,113,221,0.49,0.43,0,
Austrostipa metatoris,Unknown,V,0.01,,23,381,0.73,0.39,0,
Boronia warrumbunglensis,Unknown,,0.01,,32,139,0.66,0.47,0,
Tylophora linearis,Unknown,V,0.01,,171,199,0.45,0.44,0,
Maireana cheelii,Unknown,V,0.01,,59,456,0.56,0.38,0,
Leptorhynchos orientalis,Unknown,E,0.01,,27,157,0.70,0.46,0,
Brachyscome papillosa,Unknown,V,0.01,,113,380,0.49,0.39,0,
Hibbertia covenyana,Unknown,,0.01,,56,187,0.57,0.44,0,
Lepidium monoplocoides,Unknown,E,0.01,,70,516,0.54,0.37,0,
Acacia curranii,Unknown,V,0.01,,44,290,0.61,0.41,0,
