taxon_name,trait_name,trait_value,source,,,
Typhonium jonesii,pollination_syndrome,insect,SPRAT profile,,,
Typhonium jonesii,storage_organ,tuber,SPRAT profile,,,
Acacia equisetifolia,resprouting_capacity,fire_killed,NTGov 2021,,,
Acacia praetermissa,resprouting_capacity,resprouts,,,,
Actinotus schwarzii,reproduction,sexual_reproduction_only,Nano_2008,,,
Actinotus schwarzii,fire_response,fire_killed,Nano_2008,,,
Actinotus schwarzii,post_fire_recruitment,weak/no,Nano_2008,,,
Actinotus schwarzii,recruitment_cues,,Nano_2008,,,
Actinotus schwarzii,leaf_length,4.5 cm,Nano_2008,,,
Actinotus schwarzii,leaf_width,4 cm,Nano_2008,,,
Actinotus schwarzii,leaf_hairiness,dense_tomentum,Nano_2008,,,
Actinotus schwarzii,fruit_length,3.5 mm,Nano_2008,,,
Actinotus schwarzii,fruit_width,1 mm,Nano_2008,,,
Actinotus schwarzii,flowering_time,"July, Oct, Nov, Dec, Jan",Nano_2008,,,
Actinotus schwarzii,fruiting_time,Dec,Nano_2008,,,
Actinotus schwarzii,leaf_xx,deep narrow segments,Nano_2008,,,
Actinotus schwarzii,leaf_surface_colour_upper,dark_grey_green,Nano_2008,,,
Actinotus schwarzii,leaf_surface_colour_lower,pale_grey_green,Nano_2008,,,
Acacia equisetifolia,leaf_length,10--15 mm,NTGov 2021,,,
Acacia equisetifolia,leaf_shape,needle-like,NTGov 2021,,,
Acacia equisetifolia,leaf_hairiness,hairy,NTGov 2021,,,
Acacia equisetifolia,leaf_arrangement,whorl,NTGov 2021,,,
Minuria tridens,reproduction,sexual reproduction only,Nano_2008,,,
Minuria tridens,dispersal mechanisms,persistent pappus,Nano_2008,,,
Minuria tridens,fire_response,resprouts,Nano_2008,,,
Olearia macdonnellensis,reproduction,sexual reproduction only,Nano_2008,,,
Olearia macdonnellensis,dispersal mechanisms,persistent pappus,Nano_2008,,,
Olearia macdonnellensis,fire_response,fire-killed,Nano_2008,,,
Olearia macdonnellensis,post_fire_recruitment,weak/no,Nano_2008,,,
Eleocharis papillosa,plant_height,10 cm,SPRAT profile,maximum,,
Eleocharis papillosa,flowering_time,all_year,SPRAT profile,,,
Eleocharis papillosa,fruiting_time,all_year,SPRAT profile,,,
Eleocharis papillosa,germination_cues,temporary inundation,SPRAT profile,,,
Eleocharis papillosa,establishment_cues,temporary inundation,SPRAT profile,,,
Eleocharis papillosa,reproduction,sexual_reproduction asexual_reproduction,SPRAT profile,,,
Eleocharis papillosa,storage_organ,tuber,SPRAT profile,,,
Eleocharis retroflexa,plant_height,10 cm,NT_Threatened_species_profile_2021,,,
Eleocharis retroflexa,aquatic,stems_submerged,NT_Threatened_species_profile_2021,,,
Eleocharis retroflexa,stem_shape,four_angled,NT_Threatened_species_profile_2021,,,
Eleocharis retroflexa,leaf_type,sheath_only,NT_Threatened_species_profile_2021,,,
Eleocharis retroflexa,inflorescence_length,2 mm,NT_Threatened_species_profile_2021,minimum,,
Eleocharis retroflexa,inflorescence_length,3.5 mm,NT_Threatened_species_profile_2021,maximum,,
Eleocharis retroflexa,inflorescence_width,1 mm,NT_Threatened_species_profile_2021,minimum,,
Eleocharis retroflexa,inflorescence_width,2 mm,NT_Threatened_species_profile_2021,maximum,,
Eleocharis retroflexa,fruit_type,nut,NT_Threatened_species_profile_2021,maximum,,
Eleocharis retroflexa,fruit_colour,white,NT_Threatened_species_profile_2021,maximum,,
Eleocharis retroflexa,fruit_length,0.7 mm,NT_Threatened_species_profile_2021,maximum,,
Eleocharis retroflexa,fruit_surface_texture,pitted,NT_Threatened_species_profile_2021,maximum,,
Eleocharis retroflexa,flowering_time,April-May,NT_Threatened_species_profile_2021,maximum,,
Eleocharis retroflexa,fruiting_time,April-May,NT_Threatened_species_profile_2021,maximum,,
Burmannia D61177  Bathurst Island,leaf_type,leafless,Liddle_2008,,"Liddle, D.T., Gibbons, A. and Taylor, R. (2008). Recovery plan for the threatened plants of the Tiwi Islands in the Darwin. Northern Territory Department of Natural Resources, Environment and the Arts, Northern Territory of Australia 2008 - 2013.",
Burmannia D61177  Bathurst Island,flowering_time,"Jun, Nov",Liddle_2008,,"Liddle, D.T., Gibbons, A. and Taylor, R. (2008). Recovery plan for the threatened plants of the Tiwi Islands in the Darwin. Northern Territory Department of Natural Resources, Environment and the Arts, Northern Territory of Australia 2008 - 2013.",
Burmannia D61177  Bathurst Island,fruiting_time,June,Liddle_2008,,"Liddle, D.T., Gibbons, A. and Taylor, R. (2008). Recovery plan for the threatened plants of the Tiwi Islands in the Darwin. Northern Territory Department of Natural Resources, Environment and the Arts, Northern Territory of Australia 2008 - 2013.",
Calochilus caeruleus,foliage_time,"Jan, Feb",Liddle_2008,,"Liddle, D.T., Gibbons, A. and Taylor, R. (2008). Recovery plan for the threatened plants of the Tiwi Islands in the Darwin. Northern Territory Department of Natural Resources, Environment and the Arts, Northern Territory of Australia 2008 - 2013.",
Calochilus caeruleus,flowering_time,"Dec, Jan",Liddle_2008,,"Liddle, D.T., Gibbons, A. and Taylor, R. (2008). Recovery plan for the threatened plants of the Tiwi Islands in the Darwin. Northern Territory Department of Natural Resources, Environment and the Arts, Northern Territory of Australia 2008 - 2013.",
Calochilus caeruleus,fruiting_time,Jan,Liddle_2008,,"Liddle, D.T., Gibbons, A. and Taylor, R. (2008). Recovery plan for the threatened plants of the Tiwi Islands in the Darwin. Northern Territory Department of Natural Resources, Environment and the Arts, Northern Territory of Australia 2008 - 2013.",
Cephalomanesobscurum,foliage_time,all_year,Liddle_2008,,"Liddle, D.T., Gibbons, A. and Taylor, R. (2008). Recovery plan for the threatened plants of the Tiwi Islands in the Darwin. Northern Territory Department of Natural Resources, Environment and the Arts, Northern Territory of Australia 2008 - 2013.",
Cycas armstrongii,foliage_time,all_year,Liddle_2008,,"Liddle, D.T., Gibbons, A. and Taylor, R. (2008). Recovery plan for the threatened plants of the Tiwi Islands in the Darwin. Northern Territory Department of Natural Resources, Environment and the Arts, Northern Territory of Australia 2008 - 2013.",
Cycas armstrongii,fruiting_time,Aug-Nov,Liddle_2008,,"Liddle, D.T., Gibbons, A. and Taylor, R. (2008). Recovery plan for the threatened plants of the Tiwi Islands in the Darwin. Northern Territory Department of Natural Resources, Environment and the Arts, Northern Territory of Australia 2008 - 2013.",
Dendromyza reinwardtiana,foliage_time,all_year,Liddle_2008,,"Liddle, D.T., Gibbons, A. and Taylor, R. (2008). Recovery plan for the threatened plants of the Tiwi Islands in the Darwin. Northern Territory Department of Natural Resources, Environment and the Arts, Northern Territory of Australia 2008 - 2013.",
Dendromyza reinwardtiana,fruiting_time,"Jan, Sep, Nov",Liddle_2008,,"Liddle, D.T., Gibbons, A. and Taylor, R. (2008). Recovery plan for the threatened plants of the Tiwi Islands in the Darwin. Northern Territory Department of Natural Resources, Environment and the Arts, Northern Territory of Australia 2008 - 2013.",
Elaeocarpus miegei,foliage_time,all_year,Liddle_2008,,"Liddle, D.T., Gibbons, A. and Taylor, R. (2008). Recovery plan for the threatened plants of the Tiwi Islands in the Darwin. Northern Territory Department of Natural Resources, Environment and the Arts, Northern Territory of Australia 2008 - 2013.",
Elaeocarpus miegei,fruiting_time,Nov,Liddle_2008,,"Liddle, D.T., Gibbons, A. and Taylor, R. (2008). Recovery plan for the threatened plants of the Tiwi Islands in the Darwin. Northern Territory Department of Natural Resources, Environment and the Arts, Northern Territory of Australia 2008 - 2013.",
Endiandra limnophila,foliage_time,all_year,Liddle_2008,,"Liddle, D.T., Gibbons, A. and Taylor, R. (2008). Recovery plan for the threatened plants of the Tiwi Islands in the Darwin. Northern Territory Department of Natural Resources, Environment and the Arts, Northern Territory of Australia 2008 - 2013.",
Endiandra limnophila,flowering_time,Dec,Liddle_2008,,"Liddle, D.T., Gibbons, A. and Taylor, R. (2008). Recovery plan for the threatened plants of the Tiwi Islands in the Darwin. Northern Territory Department of Natural Resources, Environment and the Arts, Northern Territory of Australia 2008 - 2013.",
Freycinetia excelsa,foliage_time,all_year,Liddle_2008,,"Liddle, D.T., Gibbons, A. and Taylor, R. (2008). Recovery plan for the threatened plants of the Tiwi Islands in the Darwin. Northern Territory Department of Natural Resources, Environment and the Arts, Northern Territory of Australia 2008 - 2013.",
Freycinetia excelsa,fruiting_time,Feb,Liddle_2008,,"Liddle, D.T., Gibbons, A. and Taylor, R. (2008). Recovery plan for the threatened plants of the Tiwi Islands in the Darwin. Northern Territory Department of Natural Resources, Environment and the Arts, Northern Territory of Australia 2008 - 2013.",
Freycinetia percostata,foliage_time,all_year,Liddle_2008,,"Liddle, D.T., Gibbons, A. and Taylor, R. (2008). Recovery plan for the threatened plants of the Tiwi Islands in the Darwin. Northern Territory Department of Natural Resources, Environment and the Arts, Northern Territory of Australia 2008 - 2013.",
Freycinetia percostata,fruiting_time,Nov,Liddle_2008,,"Liddle, D.T., Gibbons, A. and Taylor, R. (2008). Recovery plan for the threatened plants of the Tiwi Islands in the Darwin. Northern Territory Department of Natural Resources, Environment and the Arts, Northern Territory of Australia 2008 - 2013.",
Garcinia warrenii ,foliage_time,all_year,Liddle_2008,,"Liddle, D.T., Gibbons, A. and Taylor, R. (2008). Recovery plan for the threatened plants of the Tiwi Islands in the Darwin. Northern Territory Department of Natural Resources, Environment and the Arts, Northern Territory of Australia 2008 - 2013.",
Garcinia warrenii ,flowering_time,Aug-Nov,Liddle_2008,,"Liddle, D.T., Gibbons, A. and Taylor, R. (2008). Recovery plan for the threatened plants of the Tiwi Islands in the Darwin. Northern Territory Department of Natural Resources, Environment and the Arts, Northern Territory of Australia 2008 - 2013.",
Hoya australis subsp. oramicola,foliage_time,all_year,Liddle_2008,,"Liddle, D.T., Gibbons, A. and Taylor, R. (2008). Recovery plan for the threatened plants of the Tiwi Islands in the Darwin. Northern Territory Department of Natural Resources, Environment and the Arts, Northern Territory of Australia 2008 - 2013.",
Hoya australis subsp. oramicola,flowering_time,"Mar, Jul",Liddle_2008,,"Liddle, D.T., Gibbons, A. and Taylor, R. (2008). Recovery plan for the threatened plants of the Tiwi Islands in the Darwin. Northern Territory Department of Natural Resources, Environment and the Arts, Northern Territory of Australia 2008 - 2013.",
Hoya australis subsp. oramicola,fruiting_time,"Jun, Jul, Oct, Nov",Liddle_2008,,"Liddle, D.T., Gibbons, A. and Taylor, R. (2008). Recovery plan for the threatened plants of the Tiwi Islands in the Darwin. Northern Territory Department of Natural Resources, Environment and the Arts, Northern Territory of Australia 2008 - 2013.",
Luisia teretifolia,foliage_time,all_year,Liddle_2008,,"Liddle, D.T., Gibbons, A. and Taylor, R. (2008). Recovery plan for the threatened plants of the Tiwi Islands in the Darwin. Northern Territory Department of Natural Resources, Environment and the Arts, Northern Territory of Australia 2008 - 2013.",
Luisia teretifolia,flowering_time,"Feb, Nov, Dec",Liddle_2008,,"Liddle, D.T., Gibbons, A. and Taylor, R. (2008). Recovery plan for the threatened plants of the Tiwi Islands in the Darwin. Northern Territory Department of Natural Resources, Environment and the Arts, Northern Territory of Australia 2008 - 2013.",
Luisia teretifolia,fruiting_time,Nov,Liddle_2008,,"Liddle, D.T., Gibbons, A. and Taylor, R. (2008). Recovery plan for the threatened plants of the Tiwi Islands in the Darwin. Northern Territory Department of Natural Resources, Environment and the Arts, Northern Territory of Australia 2008 - 2013.",
Mapania macrocephala,foliage_time,all_year,Liddle_2008,,"Liddle, D.T., Gibbons, A. and Taylor, R. (2008). Recovery plan for the threatened plants of the Tiwi Islands in the Darwin. Northern Territory Department of Natural Resources, Environment and the Arts, Northern Territory of Australia 2008 - 2013.",
Mapania macrocephala,fruiting_time,"Feb, Jun, Nov",Liddle_2008,,"Liddle, D.T., Gibbons, A. and Taylor, R. (2008). Recovery plan for the threatened plants of the Tiwi Islands in the Darwin. Northern Territory Department of Natural Resources, Environment and the Arts, Northern Territory of Australia 2008 - 2013.",
Mitrella tiwiensis,foliage_time,all_year,Liddle_2008,,"Liddle, D.T., Gibbons, A. and Taylor, R. (2008). Recovery plan for the threatened plants of the Tiwi Islands in the Darwin. Northern Territory Department of Natural Resources, Environment and the Arts, Northern Territory of Australia 2008 - 2013.",
Mitrella tiwiensis,fruiting_time,"Jun, Sep, Dec",Liddle_2008,,"Liddle, D.T., Gibbons, A. and Taylor, R. (2008). Recovery plan for the threatened plants of the Tiwi Islands in the Darwin. Northern Territory Department of Natural Resources, Environment and the Arts, Northern Territory of Australia 2008 - 2013.",
Tarennoidea wallichii,foliage_time,all_year,Liddle_2008,,"Liddle, D.T., Gibbons, A. and Taylor, R. (2008). Recovery plan for the threatened plants of the Tiwi Islands in the Darwin. Northern Territory Department of Natural Resources, Environment and the Arts, Northern Territory of Australia 2008 - 2013.",
Tarennoidea wallichii,flowering_time,Oct,Liddle_2008,,"Liddle, D.T., Gibbons, A. and Taylor, R. (2008). Recovery plan for the threatened plants of the Tiwi Islands in the Darwin. Northern Territory Department of Natural Resources, Environment and the Arts, Northern Territory of Australia 2008 - 2013.",
Tarennoidea wallichii,fruiting_time,"Jul, Oct",Liddle_2008,,"Liddle, D.T., Gibbons, A. and Taylor, R. (2008). Recovery plan for the threatened plants of the Tiwi Islands in the Darwin. Northern Territory Department of Natural Resources, Environment and the Arts, Northern Territory of Australia 2008 - 2013.",
Thrixspermum congestum,foliage_time,all_year,Liddle_2008,,"Liddle, D.T., Gibbons, A. and Taylor, R. (2008). Recovery plan for the threatened plants of the Tiwi Islands in the Darwin. Northern Territory Department of Natural Resources, Environment and the Arts, Northern Territory of Australia 2008 - 2013.",
Thrixspermum congestum,flowering_time,Feb,Liddle_2008,,"Liddle, D.T., Gibbons, A. and Taylor, R. (2008). Recovery plan for the threatened plants of the Tiwi Islands in the Darwin. Northern Territory Department of Natural Resources, Environment and the Arts, Northern Territory of Australia 2008 - 2013.",
Typhonium jonesii,foliage_time,Dec,Liddle_2008,,"Liddle, D.T., Gibbons, A. and Taylor, R. (2008). Recovery plan for the threatened plants of the Tiwi Islands in the Darwin. Northern Territory Department of Natural Resources, Environment and the Arts, Northern Territory of Australia 2008 - 2013.",
Typhonium jonesii,flowering_time,Dec,Liddle_2008,,"Liddle, D.T., Gibbons, A. and Taylor, R. (2008). Recovery plan for the threatened plants of the Tiwi Islands in the Darwin. Northern Territory Department of Natural Resources, Environment and the Arts, Northern Territory of Australia 2008 - 2013.",
Typhonium jonesii,fruiting_time,Mar,Liddle_2008,,"Liddle, D.T., Gibbons, A. and Taylor, R. (2008). Recovery plan for the threatened plants of the Tiwi Islands in the Darwin. Northern Territory Department of Natural Resources, Environment and the Arts, Northern Territory of Australia 2008 - 2013.",
Typhonium mirabile,foliage_time,Oct-Dec,Liddle_2008,,"Liddle, D.T., Gibbons, A. and Taylor, R. (2008). Recovery plan for the threatened plants of the Tiwi Islands in the Darwin. Northern Territory Department of Natural Resources, Environment and the Arts, Northern Territory of Australia 2008 - 2013.",
Typhonium mirabile,flowering_time,Oct,Liddle_2008,,"Liddle, D.T., Gibbons, A. and Taylor, R. (2008). Recovery plan for the threatened plants of the Tiwi Islands in the Darwin. Northern Territory Department of Natural Resources, Environment and the Arts, Northern Territory of Australia 2008 - 2013.",
Typhonium mirabile,fruiting_time,Dec,Liddle_2008,,"Liddle, D.T., Gibbons, A. and Taylor, R. (2008). Recovery plan for the threatened plants of the Tiwi Islands in the Darwin. Northern Territory Department of Natural Resources, Environment and the Arts, Northern Territory of Australia 2008 - 2013.",
Xylopia monosperma,foliage_time,all_year,Liddle_2008,,"Liddle, D.T., Gibbons, A. and Taylor, R. (2008). Recovery plan for the threatened plants of the Tiwi Islands in the Darwin. Northern Territory Department of Natural Resources, Environment and the Arts, Northern Territory of Australia 2008 - 2013.",
Burmannia sp. Bathurst Island (R.Fensham 1021),plant_height,12 cm,NT_Threatened_species_profile_2021,maximum,,
Burmannia sp. Bathurst Island (R.Fensham 1021),leaf_type,leafless,NT_Threatened_species_profile_2021,,,
Burmannia sp. Bathurst Island (R.Fensham 1021),photosynthetic_xx,saprophyte,NT_Threatened_species_profile_2021,,,
Burmannia sp. Bathurst Island (R.Fensham 1021),storage_organ,tuber,NT_Threatened_species_profile_2021,,,
Burmannia sp. Bathurst Island (R.Fensham 1021),life_history,perennial,NT_Threatened_species_profile_2021,,,
Macrozamia macdonnellii,pollinator_system,thirps,Mound_2001,,"Mound, L.A., and Terry, I. 2001. Thrips pollination of the central Australian cycad, Macrozamia macdonnellii (Cycadales). International Journal of Plant Sciences 162, 147-154.",
Macrozamia macdonnellii,dispersal mechanisms,rock wallaby,Mound_2001,,"Mound, L.A., and Terry, I. 2001. Thrips pollination of the central Australian cycad, Macrozamia macdonnellii (Cycadales). International Journal of Plant Sciences 162, 147-154.",
Macrozamia macdonnellii,recruitment_cues,flood; exceptional_rain,Mound_2001,,"Mound, L.A., and Terry, I. 2001. Thrips pollination of the central Australian cycad, Macrozamia macdonnellii (Cycadales). International Journal of Plant Sciences 162, 147-154.",
Macrozamia macdonnellii,sex_type,dioecious,NT_Threatened_species_profile_2021,,,
Macrozamia macdonnellii,plant_height,2 m,NT_Threatened_species_profile_2021,maximum,,
Macrozamia macdonnellii,plant_height,4 m,NT_Threatened_species_profile_2021,extreme_max,,
Macrozamia macdonnellii,seed_colour,red,NT_Threatened_species_profile_2021,,,
Macrozamia macdonnellii,growth_habit,erect procumbent,NT_Threatened_species_profile_2021,,,
Macrozamia macdonnellii,fruiting_time,all_year,NT_Threatened_species_profile_2021,,,
Macrozamia macdonnellii,resprouting_capacity,resprouts,NT_Threatened_species_profile_2021,,,
Macrozamia macdonnellii,seed_longevity,ephermal (prone to desiccation),NT_Threatened_species_profile_2021,,,
Atalaya brevialata,flower_colour,creamy white,"Cowie and Stuckey, 2012",,"Cowie, I.D. & Stuckey, B. (2012). Atalaya brevialata (Sapindaceae), a new species from the Northern Territory, Australia. Nuytsia 22(6): 363–370.",
Atalaya brevialata,flower_width,8 mm,"Cowie and Stuckey, 2012",maximum,"Cowie, I.D. & Stuckey, B. (2012). Atalaya brevialata (Sapindaceae), a new species from the Northern Territory, Australia. Nuytsia 22(6): 363–370.",
Atalaya brevialata,inflorescence_type,panicle corymb,"Cowie and Stuckey, 2012",,"Cowie, I.D. & Stuckey, B. (2012). Atalaya brevialata (Sapindaceae), a new species from the Northern Territory, Australia. Nuytsia 22(6): 363–370.",
Atalaya brevialata,reproductive_maturity,2--3,Threatened Species Scientific Committee 2013,,Environment Protection and Biodiversity Conservation Act 1999 (EPBC Act) (s266B) Approved Conservation Advice for Atalaya brevialata (a shrub) - 2013,
Atalaya brevialata,seed_dispersal_ability,retricted,Threatened Species Scientific Committee 2013,,Environment Protection and Biodiversity Conservation Act 1999 (EPBC Act) (s266B) Approved Conservation Advice for Atalaya brevialata (a shrub) - 2013,
Atalaya brevialata,flowering_time,"Oct, Nov","Cowie and Stuckey, 2012",,"Cowie, I.D. & Stuckey, B. (2012). Atalaya brevialata (Sapindaceae), a new species from the Northern Territory, Australia. Nuytsia 22(6): 363–370.",
Atalaya brevialata,fruiting_time,Nov,"Cowie and Stuckey, 2012",,"Cowie, I.D. & Stuckey, B. (2012). Atalaya brevialata (Sapindaceae), a new species from the Northern Territory, Australia. Nuytsia 22(6): 363–370.",
Toechima sp. East Alligator (J.Russell-Smith 8418),plant_height,5 m,NT_Threatened_species_profile_2021,maximum,,
Toechima sp. East Alligator (J.Russell-Smith 8418),growth_habit,multi-stemmed erect,NT_Threatened_species_profile_2021,,,
Toechima sp. East Alligator (J.Russell-Smith 8418),plant_height,15 m,NT_Threatened_species_profile_2021,extreme_max,,
Toechima sp. East Alligator (J.Russell-Smith 8418),bark_texture,smooth,NT_Threatened_species_profile_2021,,,
Toechima sp. East Alligator (J.Russell-Smith 8418),bark_colour,light grey-brown,NT_Threatened_species_profile_2021,,,
Toechima sp. East Alligator (J.Russell-Smith 8418),dispersal_appendage,aril,NT_Threatened_species_profile_2021,,,
Toechima sp. East Alligator (J.Russell-Smith 8418),fruit_color,red,NT_Threatened_species_profile_2021,,,
Toechima sp. East Alligator (J.Russell-Smith 8418),dispersers,birds,NT_Threatened_species_profile_2021,,,
Toechima sp. East Alligator (J.Russell-Smith 8418),bud_bank_location,rhizome,NT_Threatened_species_profile_2021,,,
Clausena excavata,leaflet_count,10--30,NT_Threatened_species_profile_2021,range,,https://nt.gov.au/__data/assets/pdf_file/0004/208426/clausena-excavata.pdf
Clausena excavata,leaflet_length,3 cm,NT_Threatened_species_profile_2021,minimum,,https://nt.gov.au/__data/assets/pdf_file/0004/208426/clausena-excavata.pdf
Clausena excavata,leaflet_length,6 cm,NT_Threatened_species_profile_2021,maximum,,https://nt.gov.au/__data/assets/pdf_file/0004/208426/clausena-excavata.pdf
Clausena excavata,leaflet_width,1.5 cm,NT_Threatened_species_profile_2021,mean,,https://nt.gov.au/__data/assets/pdf_file/0004/208426/clausena-excavata.pdf
Clausena excavata,leaf_aroma,aniseed sarsaparilla,NT_Threatened_species_profile_2021,,,https://nt.gov.au/__data/assets/pdf_file/0004/208426/clausena-excavata.pdf
Clausena excavata,leaf_hairiness,finel_hairy,NT_Threatened_species_profile_2021,,,https://nt.gov.au/__data/assets/pdf_file/0004/208426/clausena-excavata.pdf
Clausena excavata,flower_colour,green cream,NT_Threatened_species_profile_2021,,,https://nt.gov.au/__data/assets/pdf_file/0004/208426/clausena-excavata.pdf
Clausena excavata,inflorescence_type,compound,NT_Threatened_species_profile_2021,,,https://nt.gov.au/__data/assets/pdf_file/0004/208426/clausena-excavata.pdf
Clausena excavata,fruit_fleshiness,fleshy,NT_Threatened_species_profile_2021,,,https://nt.gov.au/__data/assets/pdf_file/0004/208426/clausena-excavata.pdf
Clausena excavata,fruiting_time,Dec,NT_Threatened_species_profile_2021,,,https://nt.gov.au/__data/assets/pdf_file/0004/208426/clausena-excavata.pdf
Clausena excavata,flowering_time,Nov,NT_Threatened_species_profile_2021,,,https://nt.gov.au/__data/assets/pdf_file/0004/208426/clausena-excavata.pdf
Clausena excavata,bud_bank_location,basal_buds bud-bearing_root,NT_Threatened_species_profile_2021,,,https://nt.gov.au/__data/assets/pdf_file/0004/208426/clausena-excavata.pdf
Tarennoidea wallichii,bark_texture,smooth,NT_Threatened_species_profile_2021,,,
Tarennoidea wallichii,bark_colour,grey,NT_Threatened_species_profile_2021,,,
Tarennoidea wallichii,leaf_arrangement,opposite,NT_Threatened_species_profile_2021,,,
Tarennoidea wallichii,leaf_lumXX,glossy,NT_Threatened_species_profile_2021,,,
Tarennoidea wallichii,flower_colour,white,NT_Threatened_species_profile_2021,,,
Tarennoidea wallichii,fruit_shape,ovoiv subglobose,NT_Threatened_species_profile_2021,,,
Tarennoidea wallichii,flowering_time,Oct,NT_Threatened_species_profile_2021,,,
Tarennoidea wallichii,fruiting_time,"Jul, Oct",NT_Threatened_species_profile_2021,,,
Clematis decipiens,leaflet_count,12--15,NT_Threatened_species_profile_2021,,,
Clematis decipiens,flower_colour,green cream_white,NT_Threatened_species_profile_2021,,,
Clematis decipiens,inflorescence_type,panicle,NT_Threatened_species_profile_2021,,,
Clematis decipiens,awn_length,1.5 cm,NT_Threatened_species_profile_2021,minimum,,
Clematis decipiens,awn_length,3.5 cm,NT_Threatened_species_profile_2021,maximum,,
Hibiscus cravenii,flowering_time,"Jun, Jul, Oct, Dec",NT_Threatened_species_profile_2021,,,
Hibiscus cravenii,fruiting_time,"Jun, Oct, Dec",NT_Threatened_species_profile_2021,,,
Hibiscus cravenii,stem_hairiness,dense_hairs,NT_Threatened_species_profile_2021,,,
Hibiscus cravenii,stem_hair_type,stellate,NT_Threatened_species_profile_2021,,,
Hibiscus cravenii,post_fire_recruitment,post_fire_recruitment,NT_Threatened_species_profile_2021,,,
Hibiscus cravenii,resprouting_capacity,resprouts,NT_Threatened_species_profile_2021,,,
Eremophila prostrata,flowering_time,"Jan-Apr, Aug-Dec",NT_Threatened_species_profile_2021,,,
Eremophila prostrata,fruiting_time,"Jan-Apr, Aug-Dec",NT_Threatened_species_profile_2021,,,
Eremophila prostrata,flower_colour,purple cream_white,NT_Threatened_species_profile_2021,,,
Eremophila prostrata,lifespan,2--10,NT_Threatened_species_profile_2021,years,,
Eremophila prostrata,resprouting_capacity_non_fire_disturbance,resprouts_after_drought,NT_Threatened_species_profile_2021,,,
Eremophila prostrata,germination_cue,fire flooding mechanical_effects,NT_Threatened_species_profile_2021,,,
Eremophila prostrata,seedbank_longevity_class,persistent,NT_Threatened_species_profile_2021,,,
Helicteres macrothrix,flowering_time,"Jan, Sep-Nov",NT_Threatened_species_profile_2021,,,
Helicteres macrothrix,fruiting_time,"Jan, Mar, Oct-Nov",NT_Threatened_species_profile_2021,,,
Helicteres macrothrix,flower_colour,pink purple,NT_Threatened_species_profile_2021,,,
Helicteres macrothrix,fruit_colour,green,NT_Threatened_species_profile_2021,,,
Helicteres macrothrix,fruit_hairiness,wooly_hairy,NT_Threatened_species_profile_2021,,,
Prostanthera schultzii,leaf_width,4 mm,NT_Threatened_species_profile_2021,minimum,,
Prostanthera schultzii,leaf_width,8 mm,NT_Threatened_species_profile_2021,maximum,,
Prostanthera schultzii,flower_perianth_symmetry,zygomorphic,NT_Threatened_species_profile_2021,,,
Prostanthera schultzii,flower_colour,cream_white,NT_Threatened_species_profile_2021,,,
Prostanthera schultzii,flowering_time,"Apr, Jul, Sep-Nov",NT_Threatened_species_profile_2021,,,
Prostanthera schultzii,fruiting_time,"May, Sep-Nov",NT_Threatened_species_profile_2021,,,
Prostanthera schultzii,resprouting_capacity_proportion_individuals,0.65,NT_Threatened_species_profile_2021,,,
Prostanthera schultzii,resprouting_capacity,resprouts,NT_Threatened_species_profile_2021,,,
Acacia pickardii,flowering_time,Aug-Nov,NT_Threatened_species_profile_2021,,,
Acacia pickardii,vegetative_reproduction_ability,vegetative,NT_Threatened_species_profile_2021,,,
Acacia pickardii,bud_bank_location,bud-bearing_root,NT_Threatened_species_profile_2021,,,
Acacia pickardii,gall_type,thirps,NT_Threatened_species_profile_2021,,,
Hibiscus brennanii,leaf_shape,elliptic,NT_Threatened_species_profile_2021,,,
Hibiscus brennanii,leaf_length,3 mm,NT_Threatened_species_profile_2021,minimum,,
Hibiscus brennanii,leaf_length,9 mm,NT_Threatened_species_profile_2021,maximum,,
Hibiscus brennanii,leaf_width,2 mm,NT_Threatened_species_profile_2021,minimum,,
Hibiscus brennanii,leaf_width,5 mm,NT_Threatened_species_profile_2021,maximum,,
Hibiscus brennanii,leaf_surface_hairiness_adaxial,appressed_pubescent,NT_Threatened_species_profile_2021,,,
Hibiscus brennanii,leaf_surface_hairiness_abaxial,ciliolate_scaly,NT_Threatened_species_profile_2021,,,
Hibiscus brennanii,flower_colour,yellow,NT_Threatened_species_profile_2021,,,
Hibiscus brennanii,flowering_time,Mar-May,NT_Threatened_species_profile_2021,,,
Hibiscus brennanii,fruiting_time,Mar-May,NT_Threatened_species_profile_2021,,,
Hibiscus brennanii,inflorescence_type,solitary_flowers,NT_Threatened_species_profile_2021,,,
Hibiscus brennanii,resprouting_capacity,fire_killed,NT_Threatened_species_profile_2021,,,
Elaeocarpus miegei,petal_length,5 mm,NT_Threatened_species_profile_2021,mean,,
Ricinocarpos gloria-medii,flowering_time,May-Oct,NT_Threatened_species_profile_2021,,,
Ricinocarpos gloria-medii,fruiting_time,Jul-Oct,NT_Threatened_species_profile_2021,,,
Ricinocarpos gloria-medii,leaf_surface_hairiness_adaxial,stellate_hairs,NT_Threatened_species_profile_2021,,,
Ricinocarpos gloria-medii,leaf_surface_hairiness_abaxial,stellate_hairs,NT_Threatened_species_profile_2021,,,
Ricinocarpos gloria-medii,leaf_colour,grey_green,NT_Threatened_species_profile_2021,,,
Ricinocarpos gloria-medii,flower_colour,white_cream,NT_Threatened_species_profile_2021,,,
Ricinocarpos gloria-medii,fruit_hairiness,tomentose stellate_hairs,NT_Threatened_species_profile_2021,,,
Hibiscus brennanii,fire_exposure_level,fire_avoidance_among_rocks,NT_Threatened_species_profile_2021,,,
Ricinocarpos gloria-medii,fire_exposure_level,fire_avoidance_among_rocks,NT_Threatened_species_profile_2021,,,
Acacia peuce,bark_colour,grey-brown,NT_Threatened_species_profile_2021,,,
Acacia peuce,bark_texture,fibrous,NT_Threatened_species_profile_2021,,,
Acacia peuce,inflorescence_type,solitary_flowers,NT_Threatened_species_profile_2021,,,
Acacia peuce,seed_colour,brown black,NT_Threatened_species_profile_2021,,,
Acacia peuce,flowering_time,all_year,NT_Threatened_species_profile_2021,,,
Acacia peuce,fruiting_time,all_year,NT_Threatened_species_profile_2021,,,
Acacia peuce,flowering_cues,rain,NT_Threatened_species_profile_2021,,,
Acacia peuce,dispersal_appendage,none,NT_Threatened_species_profile_2021,,,
Acacia peuce,establishment_cues,prolonged_above_average_rainfall,NT_Threatened_species_profile_2021,,,
Acacia peuce,seedbank_longevity_class,transient,NT_Threatened_species_profile_2021,,,
Acacia latzii,bark_texture,thick rough,NT_Threatened_species_profile_2021,,,
Acacia latzii,inflorescence_type,globular_heads,NT_Threatened_species_profile_2021,,,
Acacia latzii,flowering_time,"Apr-Oct, Dec-Jan",NT_Threatened_species_profile_2021,,,
Acacia latzii,fruiting_time,May-Nov,NT_Threatened_species_profile_2021,,,
Acacia undoolyana,bark_colour,grey-brown,NT_Threatened_species_profile_2021,,,
Acacia undoolyana,bark_texture,rough,NT_Threatened_species_profile_2021,,,
Acacia undoolyana,flower_colour,yellow,NT_Threatened_species_profile_2021,,,
Acacia undoolyana,fruiting_time,Jul-Sep,NT_Threatened_species_profile_2021,,,
Acacia undoolyana,lifespan,100-- years,NT_Threatened_species_profile_2021,,,
Acacia undoolyana,resprouting_capacity,resprouts,NT_Threatened_species_profile_2021,,low_fire_intensity,
Acacia undoolyana,resprouting_capacity,fire_killed,NT_Threatened_species_profile_2021,,high_fire_intensity,
Acacia undoolyana,germination_cues,rain,NT_Threatened_species_profile_2021,,,
Acacia undoolyana,seedbank_location,soil,NT_Threatened_species_profile_2021,,,
Typhonium jonesii,plant_growth_form,geophyte,SPRAT profile,,,
Typhonium jonesii,clonal_spread_mechanism,bulb ,SPRAT profile,,,
Typhonium jonesii,clonal_spread_mechanism,corm,SPRAT profile,,,
Typhonium jonesii,flower_colour,white_cream mauve,SPRAT profile,,,
Typhonium jonesii,pollination_syndrome,insect,SPRAT profile,,,
Typhonium jonesii,leaf_phenology,drought_deciduous,SPRAT profile,,,
Typhonium mirabile,leaf_phenology,drought_deciduous,SPRAT profile,,,
Typhonium mirabile,plant_growth_form,geophyte,SPRAT profile,,,
Typhonium mirabile,fruiting_time,Dec,SPRAT profile,,,
Typhonium mirabile,flowering_time,Oct-Nov,SPRAT profile,,,
Typhonium mirabile,tuber_width,8 mm,SPRAT profile,mean,,
Typhonium mirabile,tuber_length,12 mm,SPRAT profile,mean,,
Typhonium taylorii,tuber_width,1 cm,SPRAT profile,mean,,
Typhonium taylorii,tuber_length,1 cm,SPRAT profile,mean,,
Typhonium taylorii,leaf_phenology,drought_deciduous,SPRAT profile,,,
Typhonium taylorii,plant_growth_form,geophyte,SPRAT profile,,,
Typhonium taylorii,pollination_syndrome,insect,SPRAT profile,,,
Typhonium taylorii,flowering_time,Jan,SPRAT profile,,,
Mitrella tiwiensis,flower_colour,pink orange,SPRAT profile,,,
Mitrella tiwiensis,vine_height,10 m,SPRAT profile,mean,,
Mitrella tiwiensis,leaf_glaucousness,glaucous,SPRAT profile,,lower leaf surface,
Mitrella tiwiensis,leaf_glaucousness,shiny,SPRAT profile,,upper leaf surface,
Mitrella tiwiensis,fruit_type,berry,SPRAT profile,,,
Mitrella tiwiensis,fruit_colour,pink green,SPRAT profile,,,
Hoya australis subsp. oramicola,leaf_phenology,evergreen,Dept of Env listing advice,,,
Hoya australis subsp. oramicola,plant_succulence,succulent_leaves,Dept of Env listing advice,,,
Hoya australis subsp. oramicola,flower_colour,cream_white,Dept of Env listing advice,,,
Hoya australis subsp. oramicola,flowering_time,"Mar, Jul",Dept of Env listing advice,,,
Hoya australis subsp. oramicola,fruiting_time,"Jun, Jul, Oct, Nov",Dept of Env listing advice,,,
Goodenia quadrifida,flowering_time,"Mar, Apr, May",Dept of Env listing advice,,,
Goodenia quadrifida,flower_colour,purple brown,Dept of Env listing advice,,,
Seringia exastia,leaf_length,15 mm,WAH_2023,minimum,,"C. Hollister and K.R. Thiele, 11 August 2023: https://florabase.dbca.wa.gov.au/browse/profile/46817"
Seringia exastia,leaf_length,30 mm,WAH_2023,maximum,,"C. Hollister and K.R. Thiele, 11 August 2023: https://florabase.dbca.wa.gov.au/browse/profile/46817"
Seringia exastia,leaf_width,6 mm,WAH_2023,minimum,,"C. Hollister and K.R. Thiele, 11 August 2023: https://florabase.dbca.wa.gov.au/browse/profile/46817"
Seringia exastia,leaf_width,10 mm,WAH_2023,maximum,,"C. Hollister and K.R. Thiele, 11 August 2023: https://florabase.dbca.wa.gov.au/browse/profile/46817"
Seringia exastia,leaf_margin,entire,WAH_2023,,,"C. Hollister and K.R. Thiele, 11 August 2023: https://florabase.dbca.wa.gov.au/browse/profile/46817"
Seringia exastia,flower_colour,purple,WAH_2023,,,"C. Hollister and K.R. Thiele, 11 August 2023: https://florabase.dbca.wa.gov.au/browse/profile/46817"
Seringia exastia,flower_width,7 mm,WAH_2023,minimum,,"C. Hollister and K.R. Thiele, 11 August 2023: https://florabase.dbca.wa.gov.au/browse/profile/46817"
Seringia exastia,flower_width,8 mm,WAH_2023,maximum,,"C. Hollister and K.R. Thiele, 11 August 2023: https://florabase.dbca.wa.gov.au/browse/profile/46817"
Seringia exastia,stem_hairiness,hairy,WAH_2023,,,"C. Hollister and K.R. Thiele, 11 August 2023: https://florabase.dbca.wa.gov.au/browse/profile/46817"
Tephrosia andrewii ,resprouting_capacity,resprouts,Markey_2018,,,Targeted Rare and Priority Flora Survey: La Grange Project Area. Progress Report 2017.
Terminalia kumpaja,resprouting_capacity,resprouts,Markey_2018,,,Targeted Rare and Priority Flora Survey: La Grange Project Area. Progress Report 2017.
Croton aridus,resprouting_capacity,resprouts,Markey_2018,,,Targeted Rare and Priority Flora Survey: La Grange Project Area. Progress Report 2017.
Boronia quadrilata,leaf_glaucousness,glaucous,SPRAT profile,,,
Boronia quadrilata,stem_shape,four_angled,SPRAT profile,,,
Boronia quadrilata,flowering_time,Oct,SPRAT profile,,,
Boronia quadrilata,fruiting_time,Oct,SPRAT profile,,,
Boronia quadrilata,resprouting_capacity,resprouts,SPRAT profile,,,
Boronia viridiflora,flowering_time,"Apr, Jun",Liddle_2006,,,"Liddle, D.T. and Gibbons, A. (2006). National recovery plan for Boronia quadrilata and Boronia viridiflora in the Northern Territory of Australia. Northern Territory Department of Natural Resources, Environment and the Arts, Darwin"
Boronia viridiflora,fruiting_time,"Apr, Jun",Liddle_2006,,,"Liddle, D.T. and Gibbons, A. (2006). National recovery plan for Boronia quadrilata and Boronia viridiflora in the Northern Territory of Australia. Northern Territory Department of Natural Resources, Environment and the Arts, Darwin"
Boronia viridiflora,plant_height,2 m,Liddle_2006,maximum,,"Liddle, D.T. and Gibbons, A. (2006). National recovery plan for Boronia quadrilata and Boronia viridiflora in the Northern Territory of Australia. Northern Territory Department of Natural Resources, Environment and the Arts, Darwin"
Boronia viridiflora,plant_height,1.5 m,Liddle_2006,minimum,,"Liddle, D.T. and Gibbons, A. (2006). National recovery plan for Boronia quadrilata and Boronia viridiflora in the Northern Territory of Australia. Northern Territory Department of Natural Resources, Environment and the Arts, Darwin"
Boronia viridiflora,fire_exposure_level,fire_avoidance_among_rocks,Liddle_2006,,,"Liddle, D.T. and Gibbons, A. (2006). National recovery plan for Boronia quadrilata and Boronia viridiflora in the Northern Territory of Australia. Northern Territory Department of Natural Resources, Environment and the Arts, Darwin"
Stylidium ensatum,plant_height,14 cm,Dept of Env listing advice,minimum,,
Stylidium ensatum,plant_height,22 cm,Dept of Env listing advice,maximum,,
Stylidium ensatum,growth_habit,erect procumbent,Dept of Env listing advice,,,
Stylidium ensatum,leaf_shape,obovate orbicular,Dept of Env listing advice,,,
Stylidium ensatum,leaf_count,6,Dept of Env listing advice,minimum,,
Stylidium ensatum,leaf_count,17,Dept of Env listing advice,maximum,,
Stylidium ensatum,leaf_length,7 mm,Dept of Env listing advice,minimum,,
Stylidium ensatum,leaf_length,12 mm,Dept of Env listing advice,maximum,,
Stylidium ensatum,leaf_width,5.5 mm,Dept of Env listing advice,minimum,,
Stylidium ensatum,leaf_width,12 mm,Dept of Env listing advice,maximum,,
Stylidium ensatum,petiole_length,0 mm,Dept of Env listing advice,mean,,
Stylidium ensatum,inflorescence_type,cymose,Dept of Env listing advice,,,
Stylidium ensatum,inflorescence_length,8 cm,Dept of Env listing advice,minimum,,
Stylidium ensatum,inflorescence_length,16 cm,Dept of Env listing advice,maximum,,
Stylidium ensatum,flower_colour,pink mauve,Dept of Env listing advice,,,
Stylidium ensatum,flowering_time,"Jun, Jul",Dept of Env listing advice,,,
Pandanus spiralis var. flammeus,clonal_spread_mechanism,root_buds,WA Govt 2011,,,"WA Govt 2011, INTERIM RECOVERY PLAN NO. 313 Edgar Range Pandanus (Pandanus spiralis var. flammeus) INTERIM RECOVERY PLAN 2011-2016"
Pandanus spiralis var. flammeus,germination_time,5--7 weeks,WA Govt 2011,range,,"WA Govt 2011, INTERIM RECOVERY PLAN NO. 313 Edgar Range Pandanus (Pandanus spiralis var. flammeus) INTERIM RECOVERY PLAN 2011-2016"
Pandanus spiralis var. flammeus,seedbank_longevity_class,transient ,WA Govt 2011,,,"WA Govt 2011, INTERIM RECOVERY PLAN NO. 313 Edgar Range Pandanus (Pandanus spiralis var. flammeus) INTERIM RECOVERY PLAN 2011-2016"
Pandanus spiralis var. flammeus,seed_dormancy_class,non_dormant,WA Govt 2011,,,"WA Govt 2011, INTERIM RECOVERY PLAN NO. 313 Edgar Range Pandanus (Pandanus spiralis var. flammeus) INTERIM RECOVERY PLAN 2011-2016"
Pandanus spiralis var. flammeus,vegetative_reproduction_ability,vegetative,WA Govt 2011,,,"WA Govt 2011, INTERIM RECOVERY PLAN NO. 313 Edgar Range Pandanus (Pandanus spiralis var. flammeus) INTERIM RECOVERY PLAN 2011-2016"
Pandanus spiralis var. flammeus,resprouting_capacity,resprouts,WA Govt 2011,,low to moderate fire intensity,"WA Govt 2011, INTERIM RECOVERY PLAN NO. 313 Edgar Range Pandanus (Pandanus spiralis var. flammeus) INTERIM RECOVERY PLAN 2011-2016"
Acacia auratiflora,flowering_time,"Jun, Jul, Aug",WA Govt 1999 (Stack & Brown),,,"WA Govt 1999, INTERIM RECOVERY PLAN NO. 23 ORANGE-FLOWERED WATTLE (ACACIA AURATIFLORA MS) INTERIM RECOVERY PLAN 1999-2002 by Gillian Stack and Andrew Brown"
Acacia auratiflora,stem_hairiness,golden_hairs white_hairs,WA Govt 1999 (Stack & Brown),,branchlets,"WA Govt 1999, INTERIM RECOVERY PLAN NO. 23 ORANGE-FLOWERED WATTLE (ACACIA AURATIFLORA MS) INTERIM RECOVERY PLAN 1999-2002 by Gillian Stack and Andrew Brown"
Acacia auratiflora,leaf_colour,pale_green,WA Govt 1999 (Stack & Brown),,,"WA Govt 1999, INTERIM RECOVERY PLAN NO. 23 ORANGE-FLOWERED WATTLE (ACACIA AURATIFLORA MS) INTERIM RECOVERY PLAN 1999-2002 by Gillian Stack and Andrew Brown"
Acacia auratiflora,flower_colour,golden,WA Govt 1999 (Stack & Brown),,,"WA Govt 1999, INTERIM RECOVERY PLAN NO. 23 ORANGE-FLOWERED WATTLE (ACACIA AURATIFLORA MS) INTERIM RECOVERY PLAN 1999-2002 by Gillian Stack and Andrew Brown"
Acacia auratiflora,fruit_hairiness,dense_hairs fine_hairs golden_hairs,WA Govt 1999 (Stack & Brown),,young fruit,"WA Govt 1999, INTERIM RECOVERY PLAN NO. 23 ORANGE-FLOWERED WATTLE (ACACIA AURATIFLORA MS) INTERIM RECOVERY PLAN 1999-2002 by Gillian Stack and Andrew Brown"
Acacia auratiflora,seed_germination,0.05--0.19,WA Govt 1999 (Stack & Brown),range,boiling water treatment,"WA Govt 1999, INTERIM RECOVERY PLAN NO. 23 ORANGE-FLOWERED WATTLE (ACACIA AURATIFLORA MS) INTERIM RECOVERY PLAN 1999-2002 by Gillian Stack and Andrew Brown"
Acacia auratiflora,seed_germination,0.94,WA Govt 1999 (Stack & Brown),,nicking treatment,"WA Govt 1999, INTERIM RECOVERY PLAN NO. 23 ORANGE-FLOWERED WATTLE (ACACIA AURATIFLORA MS) INTERIM RECOVERY PLAN 1999-2002 by Gillian Stack and Andrew Brown"
Acacia auratiflora,seed_germination_treatment,scarify,WA Govt 1999 (Stack & Brown),,,"WA Govt 1999, INTERIM RECOVERY PLAN NO. 23 ORANGE-FLOWERED WATTLE (ACACIA AURATIFLORA MS) INTERIM RECOVERY PLAN 1999-2002 by Gillian Stack and Andrew Brown"
Acacia auratiflora,resprouting_capacity,unknown,WA Govt 1999 (Stack & Brown),,,"WA Govt 1999, INTERIM RECOVERY PLAN NO. 23 ORANGE-FLOWERED WATTLE (ACACIA AURATIFLORA MS) INTERIM RECOVERY PLAN 1999-2002 by Gillian Stack and Andrew Brown"
Acacia auratiflora,flower_width,6 mm,WA Govt 1999 (Stack & Brown),minimum,,"WA Govt 1999, INTERIM RECOVERY PLAN NO. 23 ORANGE-FLOWERED WATTLE (ACACIA AURATIFLORA MS) INTERIM RECOVERY PLAN 1999-2002 by Gillian Stack and Andrew Brown"
Acacia auratiflora,flower_width,7 mm,WA Govt 1999 (Stack & Brown),maximum,,"WA Govt 1999, INTERIM RECOVERY PLAN NO. 23 ORANGE-FLOWERED WATTLE (ACACIA AURATIFLORA MS) INTERIM RECOVERY PLAN 1999-2002 by Gillian Stack and Andrew Brown"
Acacia auratiflora,inflorescence_shape,globular_heads,WA Govt 1999 (Stack & Brown),,,"WA Govt 1999, INTERIM RECOVERY PLAN NO. 23 ORANGE-FLOWERED WATTLE (ACACIA AURATIFLORA MS) INTERIM RECOVERY PLAN 1999-2002 by Gillian Stack and Andrew Brown"
Acacia auratiflora,inflorescence_type,raceme,WA Govt 1999 (Stack & Brown),,,"WA Govt 1999, INTERIM RECOVERY PLAN NO. 23 ORANGE-FLOWERED WATTLE (ACACIA AURATIFLORA MS) INTERIM RECOVERY PLAN 1999-2002 by Gillian Stack and Andrew Brown"
Acacia auratiflora,flowers_per_inflorescence,32,WA Govt 1999 (Stack & Brown),minimum,,"WA Govt 1999, INTERIM RECOVERY PLAN NO. 23 ORANGE-FLOWERED WATTLE (ACACIA AURATIFLORA MS) INTERIM RECOVERY PLAN 1999-2002 by Gillian Stack and Andrew Brown"
Acacia auratiflora,flowers_per_inflorescence,42,WA Govt 1999 (Stack & Brown),maximum,,"WA Govt 1999, INTERIM RECOVERY PLAN NO. 23 ORANGE-FLOWERED WATTLE (ACACIA AURATIFLORA MS) INTERIM RECOVERY PLAN 1999-2002 by Gillian Stack and Andrew Brown"
Wurmbea tubulosa,flower_count,1--16,WA Govt 2005,,,"WA Govt 2005, INTERIM RECOVERY PLAN NO. 190 LONG-FLOWERED NANCY (Wurmbea tubulosa) INTERIM RECOVERY PLAN 2004-2009"
Wurmbea tubulosa,flower_width,6--7 mm,WA Govt 2005,,male plants,"WA Govt 2005, INTERIM RECOVERY PLAN NO. 190 LONG-FLOWERED NANCY (Wurmbea tubulosa) INTERIM RECOVERY PLAN 2004-2009"
Wurmbea tubulosa,flower_width,9--12 mm,WA Govt 2005,,female plants & andromonoecious plants ,"WA Govt 2005, INTERIM RECOVERY PLAN NO. 190 LONG-FLOWERED NANCY (Wurmbea tubulosa) INTERIM RECOVERY PLAN 2004-2009"
Wurmbea tubulosa,flower_colour,white,WA Govt 2005,,,"WA Govt 2005, INTERIM RECOVERY PLAN NO. 190 LONG-FLOWERED NANCY (Wurmbea tubulosa) INTERIM RECOVERY PLAN 2004-2009"
Wurmbea tubulosa,storage_organ,corm,WA Govt 2005,,,"WA Govt 2005, INTERIM RECOVERY PLAN NO. 190 LONG-FLOWERED NANCY (Wurmbea tubulosa) INTERIM RECOVERY PLAN 2004-2009"
Wurmbea tubulosa,storage_organ_shape,ellipsoid,WA Govt 2005,,,"WA Govt 2005, INTERIM RECOVERY PLAN NO. 190 LONG-FLOWERED NANCY (Wurmbea tubulosa) INTERIM RECOVERY PLAN 2004-2009"
Wurmbea tubulosa,storage_organ_length,2.5 cm,WA Govt 2005,,,"WA Govt 2005, INTERIM RECOVERY PLAN NO. 190 LONG-FLOWERED NANCY (Wurmbea tubulosa) INTERIM RECOVERY PLAN 2004-2009"
Wurmbea tubulosa,seed_colour,brown,WA Govt 2005,,,"WA Govt 2005, INTERIM RECOVERY PLAN NO. 190 LONG-FLOWERED NANCY (Wurmbea tubulosa) INTERIM RECOVERY PLAN 2004-2009"
Wurmbea tubulosa,leaf_phenology,geophyte_emerges_winter_rains,WA Govt 2005,,,"WA Govt 2005, INTERIM RECOVERY PLAN NO. 190 LONG-FLOWERED NANCY (Wurmbea tubulosa) INTERIM RECOVERY PLAN 2004-2009"
Wurmbea tubulosa,plant_growth_form,geophyte,WA Govt 2005,,,"WA Govt 2005, INTERIM RECOVERY PLAN NO. 190 LONG-FLOWERED NANCY (Wurmbea tubulosa) INTERIM RECOVERY PLAN 2004-2009"
Wurmbea tubulosa,flowering_time,"Jun, Jul",WA Govt 2005,,,"WA Govt 2005, INTERIM RECOVERY PLAN NO. 190 LONG-FLOWERED NANCY (Wurmbea tubulosa) INTERIM RECOVERY PLAN 2004-2009"
Wurmbea calcicola,flower_count,2--5,WA Govt 2005,,,"WA Govt 2005, INTERIM RECOVERY PLAN NO. 216 NATURALISTE NANCY (WURMBEA CALCICOLA) INTERIM RECOVERY PLAN 2004-2009 (Heather Taylor, Val English and Andrew Webb)"
Wurmbea calcicola,flower_colour,white,WA Govt 2005,,,"WA Govt 2005, INTERIM RECOVERY PLAN NO. 216 NATURALISTE NANCY (WURMBEA CALCICOLA) INTERIM RECOVERY PLAN 2004-2009 (Heather Taylor, Val English and Andrew Webb)"
Wurmbea calcicola,sex_type,hermaphrodite,WA Govt 2005,,,"WA Govt 2005, INTERIM RECOVERY PLAN NO. 216 NATURALISTE NANCY (WURMBEA CALCICOLA) INTERIM RECOVERY PLAN 2004-2009 (Heather Taylor, Val English and Andrew Webb)"
Wurmbea calcicola,flower_length,11--15.5,WA Govt 2005,,,"WA Govt 2005, INTERIM RECOVERY PLAN NO. 216 NATURALISTE NANCY (WURMBEA CALCICOLA) INTERIM RECOVERY PLAN 2004-2009 (Heather Taylor, Val English and Andrew Webb)"
Wurmbea calcicola,fruiting_time,"Jul, Aug",WA Govt 2005,,,"WA Govt 2005, INTERIM RECOVERY PLAN NO. 216 NATURALISTE NANCY (WURMBEA CALCICOLA) INTERIM RECOVERY PLAN 2004-2009 (Heather Taylor, Val English and Andrew Webb)"
Wurmbea calcicola,seed_viability,0.26--0.53,WA Govt 2005,,,"WA Govt 2005, INTERIM RECOVERY PLAN NO. 216 NATURALISTE NANCY (WURMBEA CALCICOLA) INTERIM RECOVERY PLAN 2004-2009 (Heather Taylor, Val English and Andrew Webb)"
Wurmbea calcicola,phytophtera_susceptibility,not_susceptible,WA Govt 2005,,,"WA Govt 2005, INTERIM RECOVERY PLAN NO. 216 NATURALISTE NANCY (WURMBEA CALCICOLA) INTERIM RECOVERY PLAN 2004-2009 (Heather Taylor, Val English and Andrew Webb)"
Wurmbea calcicola,storage_organ,corm,WA Govt 2005,,,"WA Govt 2005, INTERIM RECOVERY PLAN NO. 216 NATURALISTE NANCY (WURMBEA CALCICOLA) INTERIM RECOVERY PLAN 2004-2009 (Heather Taylor, Val English and Andrew Webb)"
Wurmbea calcicola,vegetative_reproduction_ability,vegetative,WA Govt 2005,,,"WA Govt 2005, INTERIM RECOVERY PLAN NO. 216 NATURALISTE NANCY (WURMBEA CALCICOLA) INTERIM RECOVERY PLAN 2004-2009 (Heather Taylor, Val English and Andrew Webb)"
Wurmbea calcicola,clonal_spread_mechanism,corm,WA Govt 2005,,,"WA Govt 2005, INTERIM RECOVERY PLAN NO. 216 NATURALISTE NANCY (WURMBEA CALCICOLA) INTERIM RECOVERY PLAN 2004-2009 (Heather Taylor, Val English and Andrew Webb)"
Wurmbea calcicola,flowering_cues,fire,WA Govt 2005,,,"WA Govt 2005, INTERIM RECOVERY PLAN NO. 216 NATURALISTE NANCY (WURMBEA CALCICOLA) INTERIM RECOVERY PLAN 2004-2009 (Heather Taylor, Val English and Andrew Webb)"
Wurmbea tubulosa,fire_exposure_level,seasonal_fire_avoidance,WA Govt 2005,,,"WA Govt 2005, INTERIM RECOVERY PLAN NO. 190 LONG-FLOWERED NANCY (Wurmbea tubulosa) INTERIM RECOVERY PLAN 2004-2009"
Wurmbea calcicola,fire_exposure_level,seasonal_fire_avoidance,WA Govt 2005,,,"WA Govt 2005, INTERIM RECOVERY PLAN NO. 216 NATURALISTE NANCY (WURMBEA CALCICOLA) INTERIM RECOVERY PLAN 2004-2009 (Heather Taylor, Val English and Andrew Webb)"
Verticordia staminosa subsp. staminosa,seed_viability,0.32--0.72,WA Govt 2001,,,WA Govt 2001 INTERIM RECOVERY PLAN NO. 90 WONGAN FEATHERFLOWER (VERTICORDIA STAMINOSA SUBSP. STAMINOSA) INTERIM RECOVERY PLAN 2001-2004 Rebecca Evans & Andrew Brown
Verticordia staminosa subsp. staminosa,stem_hairiness,hairy,WA Govt 2001,,branchlets,WA Govt 2001 INTERIM RECOVERY PLAN NO. 90 WONGAN FEATHERFLOWER (VERTICORDIA STAMINOSA SUBSP. STAMINOSA) INTERIM RECOVERY PLAN 2001-2004 Rebecca Evans & Andrew Brown
Verticordia staminosa subsp. staminosa,leaf_length,1.5 cm,WA Govt 2001,maximum,,WA Govt 2001 INTERIM RECOVERY PLAN NO. 90 WONGAN FEATHERFLOWER (VERTICORDIA STAMINOSA SUBSP. STAMINOSA) INTERIM RECOVERY PLAN 2001-2004 Rebecca Evans & Andrew Brown
Verticordia staminosa subsp. staminosa,flower_length,5 mm,WA Govt 2001,,,WA Govt 2001 INTERIM RECOVERY PLAN NO. 90 WONGAN FEATHERFLOWER (VERTICORDIA STAMINOSA SUBSP. STAMINOSA) INTERIM RECOVERY PLAN 2001-2004 Rebecca Evans & Andrew Brown
Verticordia staminosa subsp. staminosa,flower_colour,yellow,WA Govt 2001,,,WA Govt 2001 INTERIM RECOVERY PLAN NO. 90 WONGAN FEATHERFLOWER (VERTICORDIA STAMINOSA SUBSP. STAMINOSA) INTERIM RECOVERY PLAN 2001-2004 Rebecca Evans & Andrew Brown
Verticordia staminosa subsp. staminosa,resprouting_capacity,fire_killed,WA Govt 2001,,presumed,WA Govt 2001 INTERIM RECOVERY PLAN NO. 90 WONGAN FEATHERFLOWER (VERTICORDIA STAMINOSA SUBSP. STAMINOSA) INTERIM RECOVERY PLAN 2001-2004 Rebecca Evans & Andrew Brown
Verticordia staminosa subsp. staminosa,phytophtera_susceptibility,not_susceptible,WA Govt 2001,,,WA Govt 2001 INTERIM RECOVERY PLAN NO. 90 WONGAN FEATHERFLOWER (VERTICORDIA STAMINOSA SUBSP. STAMINOSA) INTERIM RECOVERY PLAN 2001-2004 Rebecca Evans & Andrew Brown
Verticordia staminosa subsp. staminosa,leaf_shape,linear terete,WA Govt 2001,,,WA Govt 2001 INTERIM RECOVERY PLAN NO. 90 WONGAN FEATHERFLOWER (VERTICORDIA STAMINOSA SUBSP. STAMINOSA) INTERIM RECOVERY PLAN 2001-2004 Rebecca Evans & Andrew Brown
Verticordia staminosa subsp. staminosa,leaf_length,7 mm,WA Govt 2001,minimum,,WA Govt 2001 INTERIM RECOVERY PLAN NO. 90 WONGAN FEATHERFLOWER (VERTICORDIA STAMINOSA SUBSP. STAMINOSA) INTERIM RECOVERY PLAN 2001-2004 Rebecca Evans & Andrew Brown
Verticordia staminosa subsp. staminosa,leaf_length,14 mm,WA Govt 2001,maximum,,WA Govt 2001 INTERIM RECOVERY PLAN NO. 90 WONGAN FEATHERFLOWER (VERTICORDIA STAMINOSA SUBSP. STAMINOSA) INTERIM RECOVERY PLAN 2001-2004 Rebecca Evans & Andrew Brown
Verticordia staminosa subsp. staminosa,leaf_arrangement,crowded,WA Govt 2001,,,WA Govt 2001 INTERIM RECOVERY PLAN NO. 90 WONGAN FEATHERFLOWER (VERTICORDIA STAMINOSA SUBSP. STAMINOSA) INTERIM RECOVERY PLAN 2001-2004 Rebecca Evans & Andrew Brown
Graptophyllum ilicifolium,flowering_time,Jul-Sep,SPRAT profile,,,
Graptophyllum ilicifolium,fruiting_time,"Apr, Jul, Dec",SPRAT profile,,,http://www.environment.gov.au/cgi-bin/sprat/public/publicspecies.pl?taxon_id=8601
Graptophyllum ilicifolium,clonal_spread_mechanism,adventitious_roots,SPRAT profile,,,
Graptophyllum ilicifolium,bud_bank_location,bud-bearing_root,SPRAT profile,,,
Graptophyllum ilicifolium,plant_physical_defence_structures,prickly_leaves,https://apps.des.qld.gov.au/species-search/details/?id=15851,,leaf_age: young leaves,
Graptophyllum ilicifolium,leaf arrangement,opposite,https://apps.des.qld.gov.au/species-search/details/?id=15851,,,
Graptophyllum ilicifolium,leaf_surface_reflectivity,shiny,https://apps.des.qld.gov.au/species-search/details/?id=15851,,leaf surface: upper,
Graptophyllum ilicifolium,leaf_surface_reflectivity,dull,https://apps.des.qld.gov.au/species-search/details/?id=15851,,leaf surface: lower,
Graptophyllum ilicifolium,leaf_length,5.5 cm ,https://apps.des.qld.gov.au/species-search/details/?id=15851,minimum,,
Graptophyllum ilicifolium,leaf_length,11.5 cm,https://apps.des.qld.gov.au/species-search/details/?id=15851,maximum,,
Graptophyllum ilicifolium,leaf_width,3 cm,https://apps.des.qld.gov.au/species-search/details/?id=15851,minimum,,
Graptophyllum ilicifolium,leaf_width,6 cm,https://apps.des.qld.gov.au/species-search/details/?id=15851,maximum,,
Graptophyllum ilicifolium,flowers_per_inflorescence,4--6,https://apps.des.qld.gov.au/species-search/details/?id=15851,,,
Graptophyllum ilicifolium,inflorescence_type,flower_cluster,https://apps.des.qld.gov.au/species-search/details/?id=15851,,,
Graptophyllum ilicifolium,leaf_margin,toothed_serrate,https://apps.des.qld.gov.au/species-search/details/?id=15851,,,
Graptophyllum ilicifolium,leaf_margin_posture,flat,https://apps.des.qld.gov.au/species-search/details/?id=15851,,,
Graptophyllum ilicifolium,plant_growth_form,shrub tree,https://apps.des.qld.gov.au/species-search/details/?id=15851,,,
Agonis flexuosa,myrtle_rust_susceptibility,high_or_extreme,Pegg 2018,,"Pegg, G., Carnegie, A., Giblin, F., Perry, S., 2018. Managing myrtle rust in Australia (No. CRC2063). Plant Biosecurity Cooperative Research Centre.",
Anetholea anisata,myrtle_rust_susceptibility,high_or_extreme,Pegg 2018,,"Pegg, G., Carnegie, A., Giblin, F., Perry, S., 2018. Managing myrtle rust in Australia (No. CRC2063). Plant Biosecurity Cooperative Research Centre.",
Austromyrtus dulcis,myrtle_rust_susceptibility,high_or_extreme,Pegg 2018,,"Pegg, G., Carnegie, A., Giblin, F., Perry, S., 2018. Managing myrtle rust in Australia (No. CRC2063). Plant Biosecurity Cooperative Research Centre.",
Backhousia citriodora,myrtle_rust_susceptibility,high_or_extreme,Pegg 2018,,"Pegg, G., Carnegie, A., Giblin, F., Perry, S., 2018. Managing myrtle rust in Australia (No. CRC2063). Plant Biosecurity Cooperative Research Centre.",
Chamelaucium uncinatum,myrtle_rust_susceptibility,high_or_extreme,Pegg 2018,,"Pegg, G., Carnegie, A., Giblin, F., Perry, S., 2018. Managing myrtle rust in Australia (No. CRC2063). Plant Biosecurity Cooperative Research Centre.",
Choricarpia leptopetala,myrtle_rust_susceptibility,high_or_extreme,Pegg 2018,,"Pegg, G., Carnegie, A., Giblin, F., Perry, S., 2018. Managing myrtle rust in Australia (No. CRC2063). Plant Biosecurity Cooperative Research Centre.",
Decaspermum humile,myrtle_rust_susceptibility,high_or_extreme,Pegg 2018,,"Pegg, G., Carnegie, A., Giblin, F., Perry, S., 2018. Managing myrtle rust in Australia (No. CRC2063). Plant Biosecurity Cooperative Research Centre.",
Eugenia reinwardtiana,myrtle_rust_susceptibility,high_or_extreme,Pegg 2018,,"Pegg, G., Carnegie, A., Giblin, F., Perry, S., 2018. Managing myrtle rust in Australia (No. CRC2063). Plant Biosecurity Cooperative Research Centre.",
Gossia acmenoides,myrtle_rust_susceptibility,high_or_extreme,Pegg 2018,,"Pegg, G., Carnegie, A., Giblin, F., Perry, S., 2018. Managing myrtle rust in Australia (No. CRC2063). Plant Biosecurity Cooperative Research Centre.",
Gossia gonoclada,myrtle_rust_susceptibility,high_or_extreme,Pegg 2018,,"Pegg, G., Carnegie, A., Giblin, F., Perry, S., 2018. Managing myrtle rust in Australia (No. CRC2063). Plant Biosecurity Cooperative Research Centre.",
Gossia hillii,myrtle_rust_susceptibility,high_or_extreme,Pegg 2018,,"Pegg, G., Carnegie, A., Giblin, F., Perry, S., 2018. Managing myrtle rust in Australia (No. CRC2063). Plant Biosecurity Cooperative Research Centre.",
Gossia inophloia,myrtle_rust_susceptibility,high_or_extreme,Pegg 2018,,"Pegg, G., Carnegie, A., Giblin, F., Perry, S., 2018. Managing myrtle rust in Australia (No. CRC2063). Plant Biosecurity Cooperative Research Centre.",
Lenwebbia prominens,myrtle_rust_susceptibility,high_or_extreme,Pegg 2018,,"Pegg, G., Carnegie, A., Giblin, F., Perry, S., 2018. Managing myrtle rust in Australia (No. CRC2063). Plant Biosecurity Cooperative Research Centre.",
Melaleuca fluviatilis,myrtle_rust_susceptibility,high_or_extreme,Pegg 2018,,"Pegg, G., Carnegie, A., Giblin, F., Perry, S., 2018. Managing myrtle rust in Australia (No. CRC2063). Plant Biosecurity Cooperative Research Centre.",
Melaleuca leucadendra,myrtle_rust_susceptibility,high_or_extreme,Pegg 2018,,"Pegg, G., Carnegie, A., Giblin, F., Perry, S., 2018. Managing myrtle rust in Australia (No. CRC2063). Plant Biosecurity Cooperative Research Centre.",
Melaleuca nodosa,myrtle_rust_susceptibility,high_or_extreme,Pegg 2018,,"Pegg, G., Carnegie, A., Giblin, F., Perry, S., 2018. Managing myrtle rust in Australia (No. CRC2063). Plant Biosecurity Cooperative Research Centre.",
Melaleuca polandii,myrtle_rust_susceptibility,high_or_extreme,Pegg 2018,,"Pegg, G., Carnegie, A., Giblin, F., Perry, S., 2018. Managing myrtle rust in Australia (No. CRC2063). Plant Biosecurity Cooperative Research Centre.",
Melaleuca quinquenervia,myrtle_rust_susceptibility,high_or_extreme,Pegg 2018,,"Pegg, G., Carnegie, A., Giblin, F., Perry, S., 2018. Managing myrtle rust in Australia (No. CRC2063). Plant Biosecurity Cooperative Research Centre.",
Melaleuca viridiflora,myrtle_rust_susceptibility,high_or_extreme,Pegg 2018,,"Pegg, G., Carnegie, A., Giblin, F., Perry, S., 2018. Managing myrtle rust in Australia (No. CRC2063). Plant Biosecurity Cooperative Research Centre.",
Rhodamnia angustifolia,myrtle_rust_susceptibility,high_or_extreme,Pegg 2018,,"Pegg, G., Carnegie, A., Giblin, F., Perry, S., 2018. Managing myrtle rust in Australia (No. CRC2063). Plant Biosecurity Cooperative Research Centre.",
Rhodamnia costata,myrtle_rust_susceptibility,high_or_extreme,Pegg 2018,,"Pegg, G., Carnegie, A., Giblin, F., Perry, S., 2018. Managing myrtle rust in Australia (No. CRC2063). Plant Biosecurity Cooperative Research Centre.",
Rhodamnia dumicola,myrtle_rust_susceptibility,high_or_extreme,Pegg 2018,,"Pegg, G., Carnegie, A., Giblin, F., Perry, S., 2018. Managing myrtle rust in Australia (No. CRC2063). Plant Biosecurity Cooperative Research Centre.",
Rhodamnia maideniana,myrtle_rust_susceptibility,high_or_extreme,Pegg 2018,,"Pegg, G., Carnegie, A., Giblin, F., Perry, S., 2018. Managing myrtle rust in Australia (No. CRC2063). Plant Biosecurity Cooperative Research Centre.",
Rhodamnia rubescens,myrtle_rust_susceptibility,high_or_extreme,Pegg 2018,,"Pegg, G., Carnegie, A., Giblin, F., Perry, S., 2018. Managing myrtle rust in Australia (No. CRC2063). Plant Biosecurity Cooperative Research Centre.",
Rhodamnia sessiliflora,myrtle_rust_susceptibility,high_or_extreme,Pegg 2018,,"Pegg, G., Carnegie, A., Giblin, F., Perry, S., 2018. Managing myrtle rust in Australia (No. CRC2063). Plant Biosecurity Cooperative Research Centre.",
Rhodomyrtus psidioides,myrtle_rust_susceptibility,high_or_extreme,Pegg 2018,,"Pegg, G., Carnegie, A., Giblin, F., Perry, S., 2018. Managing myrtle rust in Australia (No. CRC2063). Plant Biosecurity Cooperative Research Centre.",
Rhodomyrtus tomentosa,myrtle_rust_susceptibility,high_or_extreme,Pegg 2018,,"Pegg, G., Carnegie, A., Giblin, F., Perry, S., 2018. Managing myrtle rust in Australia (No. CRC2063). Plant Biosecurity Cooperative Research Centre.",
Syzygium jambos,myrtle_rust_susceptibility,high_or_extreme,Pegg 2018,,"Pegg, G., Carnegie, A., Giblin, F., Perry, S., 2018. Managing myrtle rust in Australia (No. CRC2063). Plant Biosecurity Cooperative Research Centre.",
Syzygium oleosum,myrtle_rust_susceptibility,high_or_extreme,Pegg 2018,,"Pegg, G., Carnegie, A., Giblin, F., Perry, S., 2018. Managing myrtle rust in Australia (No. CRC2063). Plant Biosecurity Cooperative Research Centre.",
Tristania neriifolia,myrtle_rust_susceptibility,high_or_extreme,Pegg 2018,,"Pegg, G., Carnegie, A., Giblin, F., Perry, S., 2018. Managing myrtle rust in Australia (No. CRC2063). Plant Biosecurity Cooperative Research Centre.",
Xanthostemon oppositifolius,myrtle_rust_susceptibility,high_or_extreme,Pegg 2018,,"Pegg, G., Carnegie, A., Giblin, F., Perry, S., 2018. Managing myrtle rust in Australia (No. CRC2063). Plant Biosecurity Cooperative Research Centre.",
